,true_step1,true_step2,true_step3,true_step4,true_step5,true_step6,pred_step1,pred_step2,pred_step3,pred_step4,pred_step5,pred_step6,,,,,,
0,228,261,283,292,377,379,353.4187,349.37488,327.57895,335.9402,292.8804,317.19537,,38353.91308,456,,,
1,261,283,292,377,379,315,280.04285,304.88083,317.52704,330.7549,258.64932,286.37354,,18935.40029,596,,,
2,283,292,377,379,315,233,265.07657,317.49725,317.3789,289.83316,234.14565,271.03952,,20461.19102,581,,,
3,292,377,379,315,233,198,307.46616,342.17355,304.64517,279.86862,239.05013,263.4635,,12537.01224,668,,,
4,377,379,315,233,198,197,316.0731,313.06155,290.37592,286.47147,240.13513,251.49722,,16270.82592,627,,,
5,379,315,233,198,197,226,330.0581,315.59323,297.02042,280.80777,238.25838,255.73108,,15937.59348,630,,,
6,315,233,198,197,226,237,343.8281,324.68222,297.28345,279.51407,234.08954,251.70343,,26184.09552,535,,,
7,233,198,197,226,237,200,316.27457,303.32968,285.35355,275.12378,228.93813,248.18704,,30635.47563,494,,,
8,198,197,226,237,200,201,249.2677,258.2396,249.34094,250.80936,202.40524,228.17197,,7858.264708,727,,,
9,197,226,237,200,201,193,204.47087,225.48772,216.32628,210.59253,164.90755,191.55399,,1900.436612,842,,,
10,226,237,200,201,193,217,192.16249,214.30363,196.89859,187.17204,146.36188,167.02551,,6533.497404,744,,,
11,237,200,201,193,217,203,214.31856,218.97386,198.28166,184.94266,146.83214,160.87181,,7645.078154,728,,,
12,200,201,193,217,203,287,222.90372,213.05295,192.71783,181.46773,146.52995,154.5414,,22666.62309,561,,,
13,201,193,217,203,287,155,199.33334,189.71317,176.30664,169.95811,135.17992,140.72882,,26014.30032,536,,,
14,193,217,203,287,155,164,188.21815,181.26083,170.79817,162.05402,122.8931,127.02729,,20346.44445,583,,,
15,217,203,287,155,164,149,178.70937,171.46,156.31625,144.05289,102.82727,107.88131,,25091.87524,542,,,
16,203,287,155,164,149,136,192.43834,176.59392,157.65318,140.83566,99.97483,103.484924,,16305.37464,625,,,
17,287,155,164,149,136,138,182.90224,166.31892,147.06168,136.16461,97.64706,100.60043,,14285.79135,649,,,
18,155,164,149,136,138,123,234.625,201.60034,179.79099,163.13814,121.51969,124.24018,,9711.628565,700,,,
19,164,149,136,138,123,103,138.52873,135.31825,122.36288,126.2504,88.52863,92.995056,,2448.374275,834,,,
20,149,136,138,123,103,80,133.80241,130.50488,124.570465,116.5814,71.70796,79.522484,,1462.133711,850,,,
21,136,138,123,103,80,72,123.175026,121.60585,105.64501,96.10986,59.035297,71.941246,,1221.440043,853,,,
22,138,123,103,80,72,65,118.28835,104.52798,90.27209,82.20198,55.71422,60.2526,,1184.377514,854,,,
23,123,103,80,72,65,71,122.10856,99.56062,91.69488,97.35614,71.296,67.39592,,844.9570626,859,,,
24,103,80,72,65,71,137,116.01051,99.093605,102.161766,105.05499,85.72232,85.02601,,5966.015817,756,,,
25,80,72,65,71,137,154,100.78246,86.13144,95.109116,100.859276,83.0783,80.668076,,10714.86428,689,,,
26,72,65,71,137,154,168,86.62607,74.60034,87.421814,92.81918,79.03554,78.606995,,16138.48889,629,,,
27,65,71,137,154,168,187,85.75969,70.98887,85.38838,89.14148,80.66799,78.61378,,26675.80444,533,,,
28,71,137,154,168,187,206,88.42624,69.53229,84.930046,91.547516,88.87867,82.06271,,40459.45384,449,,,
29,137,154,168,187,206,231,102.70756,78.03472,94.94002,103.36243,104.21072,93.62797,,48511.83115,418,,,
30,154,168,187,206,231,255,172.73679,158.16252,184.37001,200.99304,215.65225,213.93698,,2401.55485,835,,,
31,168,187,206,231,255,275,195.92421,184.50179,199.25597,235.88675,260.7376,277.79852,,896.1165915,858,,,
32,187,206,231,255,275,300,190.75769,195.43571,237.47675,267.43106,294.46713,300.47348,,701.3973344,862,,,
33,206,231,255,275,300,332,208.66826,232.92621,275.1091,314.8022,325.3642,336.10074,,2659.579634,829,,,
34,231,255,275,300,332,353,251.0339,263.73865,313.42282,336.39902,331.2622,355.58514,,3286.150204,811,,,
35,255,275,300,332,353,379,281.68637,279.04102,293.68384,296.49045,296.27863,318.15042,,8949.299406,709,,,
36,275,300,332,353,379,394,294.18613,294.63525,310.2758,315.88815,312.3738,336.11258,,10036.12232,699,,,
37,300,332,353,379,394,428,310.46994,310.4068,327.90222,334.05765,326.7056,352.99918,,13379.25859,656,,,
38,332,353,379,394,428,443,328.7274,327.27435,344.53592,351.58807,339.9268,368.91867,,16903.99561,617,,,
39,353,379,394,428,443,469,345.40836,343.57916,358.95416,366.6559,351.15796,380.67105,,22540.54213,564,,,
40,379,394,428,443,469,493,360.7128,358.63965,371.37573,378.3773,358.74734,388.78183,,31984.25334,489,,,
41,394,428,443,469,493,502,379.5735,375.337,385.00745,389.8444,364.78833,396.3098,,40218.91104,450,,,
42,428,443,469,493,502,522,394.18823,389.47012,400.60776,406.3096,379.19876,413.16388,,43126.85335,439,,,
43,443,469,493,502,522,541,416.1585,411.6563,423.18796,431.71646,404.0058,444.0571,,37142.82007,463,,,
44,469,493,502,522,541,555,436.53076,434.23538,445.99146,455.80493,430.6989,474.97263,,30596.98857,496,,,
45,493,502,522,541,555,580,454.92,455.5927,463.58795,473.8614,446.7589,490.3888,,31269.58598,491,,,
46,502,522,541,555,580,625,473.08762,472.2112,476.1293,483.9745,450.85074,490.56668,,47319.52858,419,,,
47,522,541,555,580,625,614,481.43933,477.00653,477.09406,481.61792,443.42322,481.04868,,72134.88183,339,,,
48,541,555,580,625,614,600,496.25336,487.5508,486.26584,487.8373,447.4901,487.95657,,74430.6324,332,,,
49,555,580,625,614,600,636,512.9746,502.7179,499.57358,499.30438,459.9895,504.03384,,73643.5368,335,,,
50,580,625,614,600,636,614,525.01385,518.4777,516.4601,518.1475,480.65222,525.29755,,62585.39832,363,,,
51,625,614,600,636,614,629,543.89484,535.2803,530.9966,533.5797,492.23682,537.54205,,51217.05383,405,,,
52,614,600,636,614,629,647,565.2762,551.52277,542.1134,539.1211,494.74948,538.4188,,48958.67295,416,,,
53,600,636,614,629,647,664,569.49426,556.7385,549.12177,547.56323,503.19925,545.4721,,52781.63657,401,,,
54,636,614,629,647,664,674,573.1181,563.23773,560.7614,563.70654,516.49786,565.0857,,51744.45446,403,,,
55,614,629,647,664,674,677,592.73,583.12067,581.8684,580.2107,537.31085,593.0655,,39549.02195,453,,,
56,629,647,664,674,677,705,594.1414,594.01086,590.6557,594.10846,555.9407,610.5722,,39356.97899,454,,,
57,647,664,674,677,705,723,609.6096,607.9989,606.8488,613.18243,569.68756,622.5925,,41507.25359,444,,,
58,664,674,677,705,723,736,612.4845,610.04834,609.89435,613.5974,570.8589,627.10297,,54606.74256,396,,,
59,674,677,705,723,736,758,625.649,622.8255,620.4232,621.92206,581.5395,639.2599,,60599.93811,373,,,
60,677,705,723,736,758,761,638.2011,634.65814,631.403,633.07837,592.80566,651.9357,,64620.39574,358,,,
61,705,723,736,758,761,784,642.7037,642.3761,639.5545,641.4597,600.9118,660.15375,,74230.54366,333,,,
62,723,736,758,761,784,789,654.0816,652.1576,648.5475,649.98566,607.09186,667.65375,,82104.72973,319,,,
63,736,758,761,784,789,199,666.2422,662.3412,652.8824,649.77515,607.5504,669.36395,,297888.6853,171,,,
64,758,761,784,789,199,864,680.7594,674.44934,660.8736,656.1432,611.39777,670.4336,,253808.0386,195,,,
65,761,784,789,199,864,788,685.30804,677.8475,662.51,657.2598,608.91174,666.18207,,322909.0189,162,,,
66,784,789,199,864,788,877,696.6,685.4316,673.8587,668.65015,619.08167,679.83374,,349425.4586,142,,,
67,789,199,864,788,877,877,710.3615,698.9779,685.7995,680.52277,632.3218,698.46094,,391212.3048,125,,,
68,199,864,788,877,877,886,718.6726,714.28705,701.65686,697.286,652.0443,717.4566,,411237.7829,117,,,
69,864,788,877,877,886,884,471.7714,521.9936,550.2814,611.4882,579.05743,640.2566,,555468.8253,73,,,
70,788,877,877,886,884,909,651.08795,682.75836,702.8639,688.97675,626.9044,689.964,,239691.1833,201,,,
71,877,877,886,884,909,920,709.78455,734.16223,717.729,691.29565,655.33276,731.02594,,213871.9952,211,,,
72,877,886,884,909,920,913,775.076,749.7178,722.2813,712.5031,684.68915,754.3596,,174263.2821,226,,,
73,886,884,909,920,913,936,760.2038,726.77167,714.31915,717.6176,684.39105,743.1195,,208869.6402,214,,,
74,884,909,920,913,936,987,744.12213,722.8583,718.26044,723.1065,675.7751,753.09344,,253402.2198,196,,,
75,909,920,913,936,987,980,790.7712,787.446,775.9825,779.5621,731.19196,813.1432,,168074.169,234,,,
76,920,913,936,987,980,426,794.6336,797.18665,786.72144,788.786,745.08575,831.3883,,310226.7232,165,,,
77,913,936,987,980,426,1018,810.8076,820.59845,812.8589,819.68976,778.2276,870.9668,,225468.3442,206,,,
78,936,987,980,426,1018,954,820.977,835.1529,829.0137,838.5076,800.5767,898.8173,,279565.2369,184,,,
79,987,980,426,1018,954,619,828.20245,846.4218,838.00836,848.8598,811.00287,910.737,,346977.7497,144,,,
80,980,426,1018,954,619,943,843.1694,861.8067,844.787,852.1619,810.3212,908.0796,,286847.0707,178,,,
81,426,1018,954,619,943,958,842.33673,858.4744,834.1225,839.7696,796.1502,889.0727,,288210.3575,177,,,
82,1018,954,619,943,958,381,689.8158,733.9205,753.2099,804.1102,771.09296,853.8559,,451969.473,100,,,
83,954,619,943,958,381,1053,772.38794,819.7749,825.54694,829.8511,768.61993,863.5076,,289667.4425,176,,,
84,619,943,958,381,1053,356,824.6018,861.5541,847.6333,822.3707,792.2962,887.82306,,606696.6766,58,,,
85,943,958,381,1053,356,239,775.4555,797.8597,793.7708,832.1005,810.9638,899.7458,,916469.4691,24,,,
86,958,381,1053,356,239,295,786.14014,798.93353,815.386,831.29297,792.91974,890.8074,,1148381.604,13,,,
87,381,1053,356,239,295,309,784.568,818.45844,807.38306,797.2402,775.05,874.33765,,1283310.323,8,,,
88,1053,356,239,295,309,820,676.67926,723.50836,729.6061,784.53906,761.20715,836.61896,,961790.027,19,,,
89,356,239,295,309,820,969,750.4948,776.74146,774.90985,773.3969,705.2946,783.1013,,938485.6253,22,,,
90,239,295,309,820,969,816,594.0817,650.49835,669.9907,682.67834,663.31995,735.0101,,501633.2712,86,,,
91,295,309,820,969,816,945,489.92493,559.3371,595.2586,662.4437,623.4032,691.9854,,346259.7691,146,,,
92,309,820,969,816,945,927,448.90543,535.29407,613.55585,625.1204,590.568,633.8442,,474968.9271,95,,,
93,820,969,816,945,927,938,432.63882,535.6792,559.95636,568.3341,524.0275,562.17993,,848878.7061,28,,,
94,969,816,945,927,938,883,677.8206,695.20154,668.162,604.285,536.9068,565.0266,,542144.7986,78,,,
95,816,945,927,938,883,962,727.5276,677.3433,596.4756,526.9612,477.081,531.6813,,707611.1668,44,,,
96,945,927,938,883,962,925,741.18884,646.47253,594.43695,553.75714,525.0527,582.96716,,654580.4872,50,,,
97,927,938,883,962,925,905,741.1963,675.4409,637.3093,629.4968,582.6723,643.4376,,459985.7373,97,,,
98,938,883,962,925,905,893,765.20074,740.9602,726.3498,712.4161,663.85236,745.46625,,230676.212,203,,,
99,883,962,925,905,893,868,817.2883,824.07184,796.93317,796.96454,750.8957,843.9538,,72186.83021,338,,,
100,962,925,905,893,868,865,812.7415,823.42755,812.5339,819.18536,778.9311,874.7454,,54621.88492,395,,,
101,925,905,893,868,865,887,809.89844,837.22595,824.24585,832.7418,796.70685,898.76746,,28614.39223,511,,,
102,905,893,868,865,887,268,821.4381,849.97833,837.86206,847.54956,813.4121,917.63257,,437483.9235,106,,,
103,893,868,865,887,268,866,816.7882,842.65326,825.6949,839.92773,803.6766,903.4705,,298564.8433,170,,,
104,868,865,887,268,866,592,814.05084,839.1344,825.99255,838.2142,794.9049,888.7242,,425545.4481,113,,,
105,865,887,268,866,592,850,801.48285,830.8109,813.3837,824.05695,774.9144,861.27234,,339978.9863,154,,,
106,887,268,866,592,850,869,802.5892,825.4967,806.66754,812.7525,757.8504,841.05524,,379452.2191,130,,,
107,268,866,592,850,869,472,802.18823,823.1749,801.11694,801.6382,748.5668,834.3904,,479090.7702,93,,,
108,866,592,850,869,472,869,560.2894,637.3359,655.87665,717.23883,678.9385,755.7046,,211889.033,213,,,
109,592,850,869,472,869,363,697.14575,755.0648,756.61456,748.16425,674.4499,746.33875,,293763.8397,174,,,
110,850,869,472,869,363,214,658.2666,723.50964,709.6408,695.8777,656.17456,720.71497,,487085.0056,90,,,
111,869,472,869,363,214,356,754.2368,753.6725,720.1549,716.90015,661.02844,724.88544,,575821.0633,65,,,
112,472,869,363,214,356,275,765.1204,741.14136,730.5533,722.7069,680.5616,747.67316,,824905.6875,32,,,
113,869,363,214,356,275,713,600.79614,635.20685,647.2388,693.2995,661.4101,734.6089,,597276.4002,60,,,
114,363,214,356,275,713,211,723.32135,755.20026,760.79034,770.99567,706.9607,791.38873,,1169483.672,12,,,
115,214,356,275,713,211,166,537.2633,623.1163,637.7035,666.2916,645.8592,722.8666,,808788.7164,33,,,
116,356,275,713,211,166,150,395.02164,509.26923,539.4321,610.45544,559.40485,625.7691,,627218.8375,56,,,
117,275,713,211,166,150,162,405.65643,499.42548,528.0875,525.91455,471.58185,522.4765,,526126.3376,80,,,
118,713,211,166,150,162,163,336.37418,422.87628,397.74966,395.49606,354.48502,388.2219,,388490.1739,126,,,
119,211,166,150,162,163,195,546.6667,522.3401,479.1071,443.1918,376.26007,394.3556,,512253.2247,85,,,
120,166,150,162,163,195,164,304.68997,309.8025,285.12973,304.18683,263.60336,285.55243,,99347.8124,293,,,
121,150,162,163,195,164,220,205.31673,225.16212,240.6496,258.0856,189.60553,222.69379,,17721.547,608,,,
122,162,163,195,164,220,266,136.96605,199.78444,203.108,189.01265,136.24803,165.61781,,19762.14255,588,,,
123,163,195,164,220,266,330,133.83807,185.71272,156.98071,137.66899,93.44737,111.218735,,85403.98941,315,,,
124,195,164,220,266,330,333,143.31078,154.1875,128.81499,127.46918,82.456085,91.41718,,149913.8035,244,,,
125,164,220,266,330,333,276,142.57678,141.80936,129.17564,124.037224,95.36189,109.50375,,151907.1737,242,,,
126,220,266,330,333,276,556,131.87497,133.55376,123.14025,125.4562,95.19022,108.50234,,344119.7447,149,,,
127,266,330,333,276,556,300,162.09756,155.7095,142.2738,133.37198,98.079155,106.40928,,345060.998,147,,,
128,330,333,276,556,300,391,200.4046,185.06343,159.10698,146.1538,106.17701,112.31379,,335551.4373,155,,,
129,333,276,556,300,391,543,249.69095,217.23953,186.85675,169.29556,125.402855,132.69986,,402631.6286,120,,,
130,276,556,300,391,543,325,261.16055,228.72322,196.87143,185.62682,139.02042,145.38947,,355603.3886,139,,,
131,556,300,391,543,325,257,233.6057,214.82268,193.14944,188.38498,133.46133,145.267,,325261.2424,161,,,
132,300,391,543,325,257,217,380.5721,326.81274,286.57077,257.1748,194.72981,213.56735,,84857.43505,316,,,
133,391,543,325,257,217,404,274.3858,265.27853,238.05173,244.0432,196.79669,215.58621,,134363.8969,256,,,
134,543,325,257,217,404,177,322.7873,306.55637,285.41977,281.7041,212.8237,236.23508,,93885.277,304,,,
135,325,257,217,404,177,152,407.60672,373.40292,329.68253,304.6328,241.20035,272.7361,,61643.59376,369,,,
136,257,217,404,177,152,90,302.32428,302.93256,263.57434,261.41745,207.04169,216.51729,,55320.57938,393,,,
137,217,404,177,152,90,68,247.49287,255.83417,227.56067,239.52997,145.20773,160.52776,,44710.08512,430,,,
138,404,177,152,90,68,50,186.16566,207.91866,173.73088,151.65808,74.58962,106.06511,,55868.43285,391,,,
139,177,152,90,68,50,28,306.17032,272.90384,199.72318,167.43672,105.38074,118.09105,,64412.97126,359,,,
140,152,90,68,50,28,12,144.18018,145.85315,101.7883,129.60522,68.97621,71.2184,,15845.2329,633,,,
141,90,68,50,28,12,7,89.64482,105.138054,89.747856,98.38847,27.299917,37.49719,,9077.956031,706,,,
142,68,50,28,12,7,6,24.424347,56.537975,33.274967,28.727413,2,2,,2290.214274,837,,,
143,50,28,12,7,6,6,2,6.1755247,2,2,2,2,,2937.307722,817,,,
144,28,12,7,6,6,38,2,2,2,2,2,2,,2129,839,,,
145,12,7,6,6,38,37,2,2,2,2,2,2,,2678,828,,,
146,7,6,6,38,37,43,2,2,2,13.181116,18.194386,5.0619264,,2465.925549,833,,,
147,6,6,38,37,43,50,13.105417,2,28.714874,49.564728,65.618126,51.314426,,823.8802448,860,,,
148,6,38,37,43,50,70,30.663969,16.96293,50.208996,74.790596,96.76182,79.70228,,4516.791297,788,,,
149,38,37,43,50,70,74,39.903084,31.464642,65.63494,92.74771,120.15589,99.80348,,5555.402018,764,,,
150,37,43,50,70,74,82,72.79146,98.95538,133.35014,168.96375,211.56331,196.34673,,53151.94173,399,,,
151,43,50,70,74,82,106,84.954254,113.79788,118.482414,172.12592,221.8413,225.10059,,51550.10929,404,,,
152,50,70,74,82,106,114,66.37638,97.27626,121.03121,160.81956,216.77347,196.53171,,28518.88275,512,,,
153,70,74,82,106,114,123,61.71168,103.13586,129.35959,180.62747,217.60472,183.9315,,23176.37033,559,,,
154,74,82,106,114,123,121,103.401566,124.918396,169.66788,202.87996,214.05423,191.10547,,27865.33676,520,,,
155,82,106,114,123,121,130,127.66978,128.06863,144.22736,151.32462,172.1877,153.14703,,7444.696255,731,,,
156,106,114,123,121,130,129,135.13297,134.15796,155.496,162.27818,183.24982,167.30247,,8317.573991,717,,,
157,114,123,121,130,129,116,157.01717,157.79242,178.24944,184.72522,200.68388,188.15569,,19678.35974,589,,,
158,123,121,130,129,116,118,170.37941,170.291,192.01897,197.50044,210.58441,202.12619,,29236.50055,507,,,
159,121,130,129,116,118,134,175.27194,177.00688,200.76459,208.10767,219.83492,211.6318,,35186.11679,472,,,
160,130,129,116,118,134,137,176.48436,178.69122,204.77945,214.38353,224.54451,220.11787,,36908.47727,465,,,
161,129,116,118,134,137,152,183.2534,185.43968,214.79144,224.28728,232.8357,231.94159,,40860.81556,448,,,
162,116,118,134,137,152,166,183.23886,188.24022,217.99673,230.4241,238.83238,239.61382,,38197.12262,457,,,
163,118,134,137,152,166,171,169.39957,176.97449,210.19972,226.00854,235.50812,237.39293,,24563.58549,546,,,
164,134,137,152,166,171,163,169.89139,178.50456,213.8481,229.36539,238.26512,240.05562,,21313.34544,575,,,
165,137,152,166,171,163,184,184.27676,192.59126,227.1724,240.90695,246.97672,249.1284,,23805.58459,551,,,
166,152,166,171,163,184,210,191.05315,198.6161,233.9498,248.89807,256.01007,259.22137,,21538.3077,571,,,
167,166,171,163,184,210,224,196.25896,206.15793,240.93726,257.39374,265.47906,269.57895,,18767.90905,598,,,
168,171,163,184,210,224,265,211.40707,221.1942,254.48067,268.95007,274.8177,280.4293,,16282.43375,626,,,
169,163,184,210,224,265,266,222.19453,230.61217,263.9083,277.84378,279.74692,286.64035,,12125.43993,673,,,
170,184,210,224,265,266,264,216.44241,225.38644,260.26163,276.28568,277.1615,284.50076,,3276.385129,812,,,
171,210,224,265,266,264,287,231.31789,237.80818,273.14154,285.53333,284.18735,292.41095,,1529.761403,847,,,
172,224,265,266,264,287,300,256.69476,263.60834,295.82336,305.12408,301.08563,312.95224,,4017.6723,799,,,
173,265,266,264,287,300,303,273.37146,280.375,312.34378,322.3865,317.9075,332.02603,,5029.236388,776,,,
174,266,264,287,300,303,307,310.04208,314.73367,346.86868,354.69836,346.83392,360.88602,,15914.89521,631,,,
175,264,287,300,303,307,346,319.16742,325.07687,355.1038,366.29944,354.66052,373.083,,14541.55419,645,,,
176,287,300,303,307,346,357,317.0856,325.23492,357.33688,368.20932,355.54022,375.5903,,8677.63695,713,,,
177,300,303,307,346,357,348,335.7768,345.42636,375.83047,383.3717,366.72955,389.52765,,11033.46286,686,,,
178,303,307,346,357,348,318,352.39523,361.46075,390.01013,395.9682,377.9669,407.0723,,17693.16391,609,,,
179,307,346,357,348,318,319,355.17163,365.97092,392.92172,401.42316,385.70688,414.87274,,20639.55145,579,,,
180,346,357,348,318,319,337,362.65768,373.87436,400.60278,408.5245,391.2865,419.72345,,23592.46715,555,,,
181,357,348,318,319,337,389,388.17517,398.47964,420.2399,421.10712,398.59988,426.69904,,29614.70922,503,,,
182,348,318,319,337,389,549,410.9342,415.85483,433.3012,431.4146,404.79974,431.56787,,49555.09924,413,,,
183,318,319,337,389,549,962,405.19724,408.9051,426.11118,426.4643,400.30356,426.79706,,333583.4801,157,,,
184,319,337,389,549,962,641,389.77975,395.5286,417.21805,420.3221,394.12006,421.5885,,396418.6629,123,,,
185,337,389,549,962,641,369,389.24298,399.5931,424.96027,426.88834,397.8758,426.70895,,367011.5855,136,,,
186,389,549,962,641,369,338,394.96152,411.5311,433.49927,432.31573,402.42526,431.67062,,351686.8174,141,,,
187,549,962,641,369,338,326,431.6217,441.7835,458.97134,450.74478,419.84293,449.98544,,346290.1688,145,,,
188,962,641,369,338,326,324,519.42346,514.1229,514.7387,490.19476,456.30466,489.698,,300809.9375,169,,,
189,641,369,338,326,324,459,643.78326,609.4959,563.2188,517.56995,472.0933,516.49115,,170505.4359,229,,,
190,369,338,326,324,459,400,638.9896,585.76025,556.3214,526.21655,498.58334,528.465,,246289.103,199,,,
191,338,326,324,459,400,490,518.2507,491.41214,499.55447,527.6628,480.11844,512.5432,,102312.6032,288,,,
192,326,324,459,400,490,973,445.9288,469.49615,520.7638,532.4489,478.7476,519.5256,,262675.1728,189,,,
193,324,459,400,490,973,511,433.34116,504.19522,533.94104,536.4455,493.62198,535.0034,,264474.9331,187,,,
194,459,400,490,973,511,515,448.2979,499.1554,523.1338,529.753,491.84894,537.0425,,208364.7149,215,,,
195,400,490,973,511,515,401,493.74066,515.3786,538.1742,526.4667,504.6785,552.63153,,221842.7341,208,,,
196,490,973,511,515,401,402,478.38156,494.93283,518.00995,525.11926,513.30133,570.11755,,269709.8453,185,,,
197,973,511,515,401,402,308,522.4473,530.55963,556.7617,555.5365,539.94775,588.3298,,326620.2625,160,,,
198,511,515,401,402,308,299,656.11945,652.0453,616.08453,579.1805,533.1924,584.4245,,249674.1159,198,,,
199,515,401,402,308,299,699,627.53,596.9018,573.9479,548.7997,523.2854,568.64996,,205886.1656,216,,,
200,401,402,308,299,699,407,616.68713,583.68243,586.4674,596.0465,548.09515,588.2546,,300935.6632,168,,,
201,402,308,299,699,407,1191,520.5732,540.9411,582.47675,589.8358,542.77045,581.7063,,550269.4781,74,,,
202,308,299,699,407,1191,457,518.2089,577.27185,603.3836,607.52185,556.4052,594.73364,,592655.6282,63,,,
203,299,699,407,1191,457,1199,489.09784,542.1087,572.7213,582.07465,533.74506,581.4321,,846285.6153,29,,,
204,699,407,1191,457,1199,1110,421.5775,470.91348,506.97174,509.08118,480.0805,531.5686,,1403083.418,4,,,
205,407,1191,457,1199,1110,1076,598.4754,631.6789,632.2736,590.5344,545.8341,585.72626,,1309105.646,6,,,
206,1191,457,1199,1110,1076,1119,557.12787,567.46826,554.01276,542.83417,506.0492,562.7809,,1785906.334,1,,,
207,457,1199,1110,1076,1119,773,707.0797,670.20013,609.1501,545.8551,498.12463,554.461,,1307318.916,7,,,
208,1199,1110,1076,1119,773,1127,629.8324,594.20483,568.548,551.86993,529.07196,569.84564,,1539062.332,3,,,
209,1110,1076,1119,773,1127,826,738.7871,694.4938,636.04834,615.0178,541.75006,616.0822,,928129.6542,23,,,
210,1076,1119,773,1127,826,426,816.2457,771.6631,729.95685,666.5334,629.97473,695.8085,,513219.9541,84,,,
211,1119,773,1127,826,426,564,856.5367,812.59534,744.52576,741.0592,693.2856,775.6348,,340187.1391,153,,,
212,773,1127,826,426,564,644,890.5933,845.63684,825.2625,828.0691,772.18066,860.0521,,344671.2142,148,,,
213,1127,826,426,564,644,345,800.6582,815.3956,828.12195,861.09424,827.1531,925.5532,,727165.5499,41,,,
214,826,426,564,644,345,426,888.2794,931.52954,926.83435,950.43335,895.636,1018.7418,,1139531.849,15,,,
215,426,564,644,345,426,366,861.7733,915.7436,920.4601,934.9789,910.0389,1018.85706,,1398643.216,5,,,
216,564,644,345,426,366,350,713.02216,802.652,825.4673,905.16797,871.322,966.17523,,1142851.069,14,,,
217,644,345,426,366,350,551,680.34344,776.95544,832.7906,867.44403,813.36444,898.6227,,940379.2011,20,,,
218,345,426,366,350,551,491,686.0638,788.4015,798.1719,792.8656,752.8804,828.733,,785381.1289,34,,,
219,426,366,350,551,491,458,605.38654,677.61993,691.9414,724.29083,686.71515,754.39667,,402395.5502,121,,,
220,366,350,551,491,458,417,550.0722,604.4097,638.67206,655.17395,611.32697,664.94745,,218233.4439,210,,,
221,350,551,491,458,417,488,480.7581,551.0054,573.3491,576.08484,531.38525,579.7271,,59320.93075,378,,,
222,551,491,458,417,488,484,478.28378,537.05286,544.5796,535.3975,482.4448,519.5349,,30216.09907,499,,,
223,491,458,417,488,484,537,555.5337,576.63855,562.7295,522.2823,460.34207,485.74146,,43839.20282,435,,,
224,458,417,488,484,537,482,544.35626,543.1674,519.6399,487.82758,431.9933,469.04437,,35585.6055,470,,,
225,417,488,484,537,482,427,527.5333,520.23065,508.0928,487.7746,438.27396,475.52322,,20526.49768,580,,,
226,488,484,537,482,427,457,485.55975,498.2817,502.2337,493.21085,445.96548,486.51096,,2774.88674,826,,,
227,484,537,482,427,457,417,522.7442,541.09,543.63617,525.9997,475.48715,525.51416,,27234.89682,526,,,
228,537,482,427,457,417,1013,535.273,558.55444,552.30426,537.8249,494.32776,541.4096,,256474.4747,193,,,
229,482,427,457,417,1013,1013,559.9371,569.7423,559.724,543.1987,495.61505,538.7901,,545490.1036,77,,,
230,427,457,417,1013,1013,693,540.75116,551.3304,540.8916,528.7122,476.6126,517.5389,,590219.393,64,,,
231,457,417,1013,1013,693,371,503.15295,518.4204,512.90314,504.06857,445.59808,483.84848,,595466.7516,62,,,
232,417,1013,1013,693,371,328,496.16644,519.37915,511.76282,495.8495,433.94415,471.04272,,564459.0848,69,,,
233,1013,1013,693,371,328,303,475.18604,501.33447,489.5088,471.8287,416.32846,457.11853,,634175.0035,54,,,
234,1013,693,371,328,303,351,660.55457,633.6142,581.3272,525.46857,467.45734,518.50275,,266079.2095,186,,,
235,693,371,328,303,351,291,735.4946,670.67847,608.18805,566.29724,529.5885,585.7195,,358197.1924,138,,,
236,371,328,303,351,291,278,683.07983,628.66205,599.98083,612.63043,571.2806,628.9481,,546161.3675,76,,,
237,328,303,351,291,278,263,511.44043,536.597,563.81744,607.2747,555.7009,623.4023,,440546.5061,105,,,
238,303,351,291,278,263,403,433.9554,530.50244,563.24176,587.1068,531.1163,601.7694,,330428.6572,158,,,
239,351,291,278,263,403,271,416.41318,528.0803,527.04584,541.287,488.83865,545.674,,282767.5177,183,,,
240,291,278,263,403,271,293,409.99893,474.3047,457.1279,461.5408,410.26328,449.50385,,137696.6636,251,,,
241,278,263,403,271,293,337,336.33536,368.25476,352.1052,357.90842,312.8517,344.73795,,25078.89873,543,,,
242,263,403,271,293,337,294,286.6662,305.63425,293.5622,289.54855,244.7808,269.95532,,19643.67116,591,,,
243,403,271,293,337,294,298,261.02264,276.42017,258.72397,249.00107,198.41086,216.92082,,44816.72402,429,,,
244,271,293,337,294,298,288,341.07614,327.66724,297.49548,266.06647,211.79034,229.89365,,19261.82551,592,,,
245,293,337,294,298,288,300,285.00482,279.2951,252.37227,245.63069,200.99934,222.05212,,21514.17776,572,,,
246,337,294,298,288,300,359,280.3543,275.61212,263.85333,256.38812,208.23592,229.71161,,30848.28966,493,,,
247,294,298,288,300,359,435,301.98358,302.97104,281.06418,265.04803,215.82088,238.08264,,60634.90167,372,,,
248,298,288,300,359,435,362,289.88242,287.67557,259.7296,245.51712,193.41145,212.4923,,95283.64938,297,,,
249,288,300,359,435,362,242,282.05798,274.6746,245.9562,233.72922,174.6128,184.80234,,92351.04612,307,,,
250,300,359,435,362,242,190,266.00827,260.0746,232.11922,215.33713,155.2705,170.13774,,81528.79635,320,,,
251,359,435,362,242,190,171,267.06342,259.2757,226.76134,207.90413,149.1347,166.81529,,60470.8724,374,,,
252,435,362,242,190,171,180,306.72583,284.86197,245.34825,223.72646,166.03407,182.69766,,23585.16107,556,,,
253,362,242,190,171,180,156,351.48462,315.48904,269.64914,249.02602,188.20717,203.35355,,20252.97385,585,,,
254,242,190,171,180,156,128,315.6036,292.81558,252.47266,241.70447,175.10974,184.35405,,29974.73048,502,,,
255,190,171,180,156,128,110,228.11288,234.67706,204.96999,201.01552,121.60727,138.6014,,9016.164112,707,,,
256,171,180,156,128,110,90,168.12001,192.15523,160.13179,145.22992,67.18749,97.786285,,2363.523037,836,,,
257,180,156,128,110,90,89,119.30685,147.74968,98.58664,85.55578,24.15752,49.02778,,11147.40242,684,,,
258,156,128,110,90,89,106,115.997574,124.34806,72.71328,69.520454,16.744022,28.561924,,14640.82402,643,,,
259,128,110,90,89,106,113,91.29566,91.44648,58.11642,67.82476,23.358837,31.898651,,16563.38577,622,,,
260,110,90,89,106,113,192,66.966736,67.449524,51.38992,62.667336,26.465508,35.02858,,37780.86867,460,,,
261,90,89,106,113,192,175,50.218166,52.4798,42.101124,50.37024,19.693058,28.12027,,62185.20986,365,,,
262,89,106,113,192,175,154,42.906006,40.97992,33.454884,37.71412,13.774141,20.395655,,80327.72395,322,,,
263,106,113,192,175,154,92,51.763466,37.533184,35.4588,42.288185,24.13542,24.881538,,72124.11216,340,,,
264,113,192,175,154,92,66,81.02048,55.103016,55.951473,65.08957,52.722126,48.49762,,43690.17496,437,,,
265,192,175,154,92,66,72,94.946976,66.4098,72.668686,85.17609,74.4457,67.137314,,27967.44495,518,,,
266,175,154,92,66,72,72,156.30841,107.755356,105.316475,112.77852,96.58391,88.601875,,5733.49196,761,,,
267,154,92,66,72,72,79,133.68448,92.878586,96.437195,110.22247,91.7356,84.49612,,3220.573561,814,,,
268,92,66,72,72,79,94,110.22406,82.277466,96.079895,106.97973,77.09052,76.18588,,2721.484102,827,,,
269,66,72,72,79,94,100,62.53992,61.07519,82.28835,92.039825,56.77044,72.89049,,2528.176479,830,,,
270,72,72,79,94,100,117,78.038506,113.511536,158.279,175.98062,169.70123,205.14915,,27394.18718,523,,,
271,72,79,94,100,117,135,145.37837,156.46477,170.64685,220.73622,242.0072,287.74487,,70794.94557,345,,,
272,79,94,100,117,135,158,146.85156,151.01263,184.51399,235.17407,281.27856,289.33383,,67607.99152,352,,,
273,94,100,117,135,158,167,131.63254,153.48616,199.63007,265.46942,303.6498,274.8273,,60967.56627,370,,,
274,100,117,135,158,167,185,144.30028,170.9591,226.01723,274.0385,282.10397,268.34094,,46817.80511,420,,,
275,117,135,158,167,185,193,162.17946,167.60783,188.20087,196.47876,212.8904,207.28278,,5867.41624,757,,,
276,135,158,167,185,193,194,176.26808,180.03915,202.13518,209.57397,223.98947,218.87152,,5606.079193,762,,,
277,158,167,185,193,194,207,193.69916,196.35521,218.72575,226.05302,237.24377,235.26201,,7034.851576,733,,,
278,167,185,193,194,207,206,212.33235,214.33112,237.55795,243.78592,252.34325,252.95964,,11640.6034,676,,,
279,185,193,194,207,206,221,220.6323,224.44878,247.85843,256.0863,262.4753,265.5162,,12740.03347,665,,,
280,193,194,207,206,221,236,233.61365,237.82521,262.52298,269.77307,273.5849,280.45618,,15461.44701,637,,,
281,194,207,206,221,236,201,247.62103,250.41243,274.94485,282.82468,283.52304,293.61523,,24171.55749,548,,,
282,207,206,221,236,201,175,250.09912,254.0601,280.87396,290.12793,288.97272,299.8415,,34006.63084,480,,,
283,206,221,236,201,175,145,258.24115,264.3878,290.24048,299.60168,295.2564,306.5991,,57851.83077,384,,,
284,221,236,201,175,145,121,264.31958,269.83304,296.67917,305.54333,298.73898,312.66782,,89589.55238,311,,,
285,236,201,175,145,121,124,274.7923,280.07224,306.90912,314.9048,307.77963,323.4028,,128673.0255,259,,,
286,201,175,145,121,124,148,286.027,292.85464,319.4004,329.93472,321.45062,339.14233,,170710.6613,228,,,
287,175,145,121,124,148,140,263.92807,275.65823,306.50058,323.15552,317.00302,337.8283,,166751.2181,235,,,
288,145,121,124,148,140,158,237.03969,254.56349,290.09686,311.0318,306.55505,329.54428,,137646.0698,252,,,
289,121,124,148,140,158,176,208.10263,229.6725,268.0238,291.72888,288.52908,313.35892,,92086.22463,308,,,
290,124,148,140,158,176,142,181.00609,203.23888,243.33473,266.9169,267.48914,290.7274,,59332.08794,377,,,
291,148,140,158,176,142,149,175.39098,197.8388,238.87926,261.15506,264.40234,283.12936,,50861.44956,406,,,
292,140,158,176,142,149,149,196.4452,215.99136,255.67375,273.34442,276.9047,293.47882,,67382.06325,353,,,
293,158,176,142,149,149,151,197.54016,215.10712,254.8595,275.8326,282.4563,299.56305,,71798.13009,343,,,
294,176,142,149,149,151,167,207.4158,224.40988,266.96484,287.70187,296.55112,311.36237,,82957.87543,318,,,
295,142,149,149,151,167,138,227.9895,245.07176,285.72894,306.63156,311.3467,327.34067,,116225.8218,275,,,
296,149,149,151,167,138,145,203.6499,220.49303,263.35495,289.8032,295.86554,317.4017,,90446.00051,309,,,
297,149,151,167,138,145,182,199.26788,217.43217,264.9031,287.89154,296.41623,315.12372,,79641.38326,324,,,
298,151,167,138,145,182,187,196.04669,218.28094,262.59097,287.9383,292.39395,314.74234,,69118.13612,346,,,
299,167,138,145,182,187,302,202.58504,220.89915,267.47427,287.812,293.82117,319.4576,,46050.22046,422,,,
300,138,145,182,187,302,940,213.19243,234.48483,279.2362,300.78394,309.32538,332.02383,,405751.7844,119,,,
301,145,182,187,302,940,364,190.99292,211.10147,257.4792,286.8807,297.01505,325.7598,,423050.1139,114,,,
302,182,187,302,940,364,337,184.35428,204.11433,254.85133,280.68704,294.75903,320.9655,,442266.4363,103,,,
303,187,302,940,364,337,299,212.77808,236.35837,281.8334,303.58102,312.35254,338.3113,,443959.9351,102,,,
304,302,940,364,337,299,316,231.06825,250.67601,294.62494,316.2196,323.50824,357.01736,,487726.678,89,,,
305,940,364,337,299,316,211,320.28275,337.73386,375.16306,378.1273,384.6909,411.4303,,437347.6737,107,,,
306,364,337,299,316,211,179,568.6396,579.1157,545.92017,506.89816,472.93344,515.10223,,379482.8919,129,,,
307,337,299,316,211,179,164,527.09375,499.39655,483.6068,468.5087,469.57208,512.4542,,376549.6442,132,,,
308,299,316,211,179,164,154,455.5002,420.82715,446.68362,474.84283,469.94485,493.20135,,387210.5999,127,,,
309,316,211,179,164,154,157,382.3009,394.90485,451.66058,473.73068,445.87204,474.37915,,394412.5018,124,,,
310,211,179,164,154,157,184,405.3415,447.60074,480.72607,485.38007,450.8653,485.8404,,497507.572,87,,,
311,179,164,154,157,184,233,357.92117,392.56567,418.81232,443.05255,412.08176,448.38855,,334620.1935,156,,,
312,164,154,157,184,233,335,260.64325,289.322,336.44028,354.777,343.83765,382.75912,,103581.4775,287,,,
313,154,157,184,233,335,417,222.77908,262.46878,308.84106,331.40125,320.12744,357.74203,,44855.02171,428,,,
314,157,184,233,335,417,361,210.9404,245.41223,294.6102,311.57898,303.8298,347.21478,,24022.91613,550,,,
315,184,233,335,417,361,353,211.59848,244.06927,291.80304,307.96857,308.69943,348.7287,,17391.62854,611,,,
316,233,335,417,361,353,334,236.91287,266.1207,313.9071,327.66098,328.89642,368.22168,,18251.41076,601,,,
317,335,417,361,353,334,933,287.86493,314.50067,358.0366,367.35776,366.2025,406.3641,,291325.1267,175,,,
318,417,361,353,334,933,962,374.63303,396.77966,429.80344,428.29224,423.04425,465.6157,,524317.1794,82,,,
319,361,353,334,933,962,1053,456.93823,469.15894,489.07907,482.67288,474.14618,522.2721,,769214.5298,35,,,
320,353,334,933,962,1053,1018,455.20584,456.42477,478.2887,484.4201,481.08545,532.23285,,1023334.762,16,,,
321,334,933,962,1053,1018,915,434.52753,441.03467,471.93655,483.9884,476.45462,517.9369,,1267002.56,10,,,
322,933,962,1053,1018,915,947,411.23932,430.9621,462.20667,475.91312,453.1047,495.36914,,1614448.105,2,,,
323,962,1053,1018,915,947,918,632.99,649.1878,625.7733,568.1808,516.96954,566.87335,,853653.3355,27,,,
324,1053,1018,915,947,918,998,744.2925,718.0737,636.01965,571.4964,522.1078,598.05084,,720779.0599,42,,,
325,1018,915,947,918,998,998,780.2254,699.2118,611.2397,552.36884,526.4571,590.97015,,737548.4372,39,,,
326,915,947,918,998,998,951,762.6068,683.99194,611.37354,582.80414,538.4155,579.02716,,708386.0215,43,,,
327,947,918,998,998,951,959,754.65295,699.78156,667.7035,656.9081,591.9756,650.7319,,533983.8786,79,,,
328,918,998,998,951,959,923,788.6827,770.2106,755.0823,749.40515,691.9267,775.62646,,261307.5752,190,,,
329,998,998,951,959,923,970,805.3702,808.95074,801.8113,799.59467,762.03845,862.24567,,158032.8062,239,,,
330,998,951,959,923,970,538,831.99994,851.03796,831.1488,835.87256,801.83954,906.73413,,225728.3484,205,,,
331,951,959,923,970,538,1000,836.13055,852.61316,828.4897,832.41315,794.697,891.0505,,130138.8317,257,,,
332,959,923,970,538,1000,633,820.766,828.57025,802.19684,809.30005,764.56854,854.2449,,234164.5122,202,,,
333,923,970,538,1000,633,335,817.27704,819.42236,799.0616,800.7932,753.5863,846.3783,,417736.2996,115,,,
334,970,538,1000,633,335,326,815.453,826.0938,805.44354,806.808,763.28503,856.8678,,640192.9378,52,,,
335,538,1000,633,335,326,282,829.2375,842.75995,816.35333,817.72156,770.2362,861.9445,,909863.6873,25,,,
336,1000,633,335,326,282,341,724.48065,759.0892,768.73035,802.0082,764.0955,844.56555,,992509.5558,18,,,
337,633,335,326,282,341,295,776.84564,812.297,798.0971,800.3358,735.40985,822.94275,,1174334.345,11,,,
338,335,326,282,341,295,278,742.9483,779.9118,777.6427,769.1467,734.06055,809.4726,,1276666.312,9,,,
339,326,282,341,295,278,941,595.8116,656.7975,668.19366,724.4791,677.54004,744.19714,,703143.0632,45,,,
340,282,341,295,278,941,959,496.1465,574.9933,633.2206,660.1342,604.8182,657.5,,564951.7616,68,,,
341,341,295,278,941,959,885,409.6733,523.8239,554.45215,564.8037,522.2064,571.97906,,563796.6046,70,,,
342,295,278,941,959,885,445,471.1625,542.0622,559.33826,550.22345,503.47427,547.40906,,569575.5217,66,,,
343,278,941,959,885,445,274,401.97086,447.17563,457.2919,454.8264,423.4788,464.26025,,732653.7511,40,,,
344,941,959,885,445,274,296,361.47238,394.54187,415.88617,414.969,387.97592,427.03613,,905595.867,26,,,
345,959,885,445,274,296,215,595.27686,589.64594,549.546,486.40103,437.95435,477.47855,,364618.6337,137,,,
346,885,445,274,296,215,153,703.9303,642.03436,559.396,494.69263,450.79572,510.91714,,376242.714,133,,,
347,445,274,296,215,153,216,730.4973,633.5607,570.0092,534.4546,502.94492,552.83606,,623844.8668,57,,,
348,274,296,215,153,216,179,575.8045,539.6749,538.35565,564.947,524.8159,565.7908,,669697.0034,47,,,
349,296,215,153,216,179,161,433.77188,483.53424,526.9567,572.79987,508.9535,569.7492,,634186.7103,53,,,
350,215,153,216,179,161,198,429.36185,533.2153,567.2293,574.12866,520.722,575.83997,,742166.3164,37,,,
351,153,216,179,161,198,208,363.3368,464.1121,469.0048,478.55957,432.7146,475.6309,,417465.2902,116,,,
352,216,179,161,198,208,221,276.6688,338.08838,355.63184,367.25943,324.8635,358.5678,,128102.101,262,,,
353,179,161,198,208,221,205,253.88348,298.67828,314.03748,306.0465,274.39224,300.27573,,59568.85331,376,,,
354,161,198,208,221,205,218,236.1253,271.86887,279.04013,276.2896,244.59271,278.0186,,24373.87562,547,,,
355,198,208,221,205,218,206,219.7463,243.58115,257.45163,251.96165,229.59811,258.8085,,8196.291527,719,,,
356,208,221,205,218,206,355,229.91182,254.16994,261.76135,254.47197,230.09625,248.94699,,17960.29842,606,,,
357,221,205,218,206,355,181,249.72467,263.5082,265.19263,254.78838,222.38998,245.48288,,30599.2257,495,,,
358,205,218,206,355,181,319,261.45734,267.94952,264.62094,249.31454,219.91887,238.08289,,28350.47398,516,,,
359,218,206,355,181,319,514,249.22636,255.83168,252.13052,242.07741,209.81015,222.52533,,114650.7684,277,,,
360,206,355,181,319,514,155,247.16031,252.12857,247.93349,234.14758,195.10901,206.73523,,128324.725,261,,,
361,355,181,319,514,155,178,234.2602,240.17963,232.43307,218.14653,177.632,189.96027,,113758.6925,279,,,
362,181,319,514,155,178,144,323.2564,310.41443,291.1707,257.39737,213.72606,224.60841,,88222.7808,312,,,
363,319,514,155,178,144,126,236.61664,239.55327,222.42113,220.66518,181.10027,197.70242,,94991.61904,299,,,
364,514,155,178,144,126,129,296.02756,283.26047,275.68103,250.82578,204.79437,214.59755,,98451.55697,294,,,
365,155,178,144,126,129,101,402.71725,375.61765,328.7799,291.94293,235.2552,247.73706,,194919.1713,217,,,
366,178,144,126,129,101,80,233.731,231.95923,209.81163,210.55742,161.6162,175.03384,,37224.52703,462,,,
367,144,126,129,101,80,62,182.65515,195.3293,189.97824,186.88136,119.10415,127.16003,,23169.69027,560,,,
368,126,129,101,80,62,52,126.02064,159.22609,143.2441,122.12884,63.00224,87.61923,,5742.754118,760,,,
369,129,101,80,62,52,46,105.96411,127.81043,95.66493,74.477974,32.75337,49.735344,,2034.926813,840,,,
370,101,80,62,52,46,39,104.66582,108.831856,87.83397,86.875725,52.63309,60.15139,,3219.803539,815,,,
371,80,62,52,46,39,31,80.0772,88.02663,85.97547,90.27756,68.540405,84.19311,,7494.368789,730,,,
372,62,52,46,39,31,27,61.506203,67.84928,71.65565,77.44558,61.063335,71.904434,,5307.930815,768,,,
373,52,46,39,31,27,19,44.701874,54.75016,63.23645,71.21904,59.159252,67.83956,,5754.32474,758,,,
374,46,39,31,27,19,20,41.19041,47.742943,60.40938,67.203705,59.831715,67.26362,,6481.899461,747,,,
375,39,31,27,19,20,22,44.8307,46.957676,61.482338,69.10067,68.107735,71.50754,,8753.103938,712,,,
376,31,27,19,20,22,17,48.01866,49.629135,69.062126,79.94279,83.83572,82.93174,,15071.71768,641,,,
377,27,19,20,22,17,14,45.106537,48.70122,71.223206,85.577385,92.02415,86.908264,,18820.14791,597,,,
378,19,20,22,17,14,11,44.583633,49.448757,73.12803,86.76421,95.374596,87.3372,,21452.06499,574,,,
379,20,22,17,14,11,7,41.671734,46.372498,70.18837,84.421684,95.62315,86.14521,,22276.94078,567,,,
380,22,17,14,11,7,5,47.79298,50.742874,75.881195,89.86748,103.83432,91.624176,,28733.85446,510,,,
381,17,14,11,7,5,3,55.047302,57.549194,81.56347,97.27004,112.70973,97.19523,,36946.1402,464,,,
382,14,11,7,5,3,2,53.685547,57.63814,83.653946,101.27225,117.946976,100.54711,,41818.57248,443,,,
383,11,7,5,3,2,2,51.359215,57.43317,83.92336,102.11294,119.82908,101.21176,,43951.30792,433,,,
384,7,5,3,2,2,75,48.45291,56.452454,81.7254,99.00183,117.57763,98.899376,,33902.11113,481,,,
385,5,3,2,2,75,88,47.911987,54.42525,79.71965,96.105804,116.505806,96.84064,,21183.13016,576,,,
386,3,2,2,75,88,98,47.356796,54.115917,78.8482,96.02561,118.793785,97.597374,,11979.73558,674,,,
387,2,2,75,88,98,117,46.371414,53.81529,76.47078,94.11348,119.443436,96.12793,,5588.648743,763,,,
388,2,75,88,98,117,111,37.05044,49.88271,68.85581,86.68848,113.91302,87.41926,,2919.442841,820,,,
389,75,88,98,117,111,88,45.218914,54.715046,71.44769,86.4446,114.88179,85.95418,,3652.712555,803,,,
390,88,98,117,111,88,92,130.73404,142.4327,151.51813,166.08305,198.72781,174.17139,,27038.89194,530,,,
391,98,117,111,88,92,122,140.9922,149.37125,142.12372,179.60266,218.65779,209.03398,,35873.0698,468,,,
392,117,111,88,92,122,191,117.24915,137.90909,161.45113,195.99852,239.5618,218.27193,,31499.45685,490,,,
393,111,88,92,122,191,222,138.3814,175.69858,202.74321,244.88173,265.7749,261.02985,,42919.37499,441,,,
394,88,92,122,191,222,214,160.5306,181.88437,228.65395,253.56607,260.79047,273.50745,,33675.30324,482,,,
395,92,122,191,222,214,367,147.837,158.81842,181.53647,193.90274,213.67482,218.79636,,27316.80569,525,,,
396,122,191,222,214,367,369,152.12857,162.90685,186.34554,196.57149,214.11896,218.71751,,49229.38848,415,,,
397,191,222,214,367,369,356,184.97577,193.25162,213.03735,217.73604,229.76799,232.22821,,57848.42576,385,,,
398,222,214,367,369,356,489,241.44318,244.33965,257.43558,255.59074,260.64545,259.73776,,87818.21889,313,,,
399,214,367,369,356,489,494,263.37518,264.34158,272.5751,271.46075,275.38712,276.16995,,122501.6989,267,,,
400,367,369,356,489,494,542,265.79492,262.682,280.0994,282.36768,287.53098,293.5731,,174349.183,225,,,
401,369,356,489,494,542,506,348.22986,334.35022,342.72885,336.75537,325.69086,342.47604,,120550.9642,269,,,
402,356,489,494,542,506,479,365.96777,357.04898,362.76575,356.45786,344.82303,366.92593,,107697.355,283,,,
403,489,494,542,506,479,547,369.58527,367.0774,382.0488,384.74695,371.53073,396.31586,,104911.2667,285,,,
404,494,542,506,479,547,590,434.50928,425.44632,429.9833,427.51163,401.52454,443.02518,,68318.20419,349,,,
405,542,506,479,547,590,442,456.24564,450.01575,450.9559,442.10745,423.41037,464.34943,,50528.56694,407,,,
406,506,479,547,590,442,644,489.49356,481.7289,474.92084,477.875,446.72623,483.70676,,43763.59043,436,,,
407,479,547,590,442,644,596,490.49216,482.91528,482.26462,482.07822,446.31256,487.56747,,68290.0344,350,,,
408,547,590,442,644,596,592,488.82175,488.52594,490.13498,490.3468,455.31668,499.61017,,67935.65301,351,,,
409,590,442,644,596,592,658,528.0801,525.7015,523.73193,525.59735,485.69214,536.26794,,56381.01244,390,,,
410,442,644,596,592,658,659,550.4905,545.52936,535.12897,532.1911,498.2018,547.5957,,66695.42513,355,,,
411,644,596,592,658,659,543,506.57144,513.7448,511.7367,523.84076,489.67734,530.4266,,78921.67961,325,,,
412,596,592,658,659,543,682,564.7845,557.07715,551.7495,551.2666,500.85693,550.31995,,44205.34104,432,,,
413,592,658,659,543,682,767,563.1281,558.5017,549.9215,541.7689,506.4944,556.1994,,97872.24167,295,,,
414,658,659,543,682,767,450,578.7017,570.33276,559.7715,563.0493,523.76514,569.5504,,102036.1473,289,,,
415,659,543,682,767,450,449,602.8539,590.5601,588.1176,589.1562,543.9715,599.59436,,77365.97396,327,,,
416,543,682,767,450,449,508,605.2224,602.86475,600.5178,598.6136,564.5557,622.87616,,86485.99181,314,,,
417,682,767,450,449,508,464,587.37866,594.43896,599.6261,616.94714,582.1877,640.9245,,126130.8157,264,,,
418,767,450,449,508,464,736,622.63367,627.1071,629.8588,634.2295,595.0548,662.9907,,123358.0728,265,,,
419,450,449,508,464,736,684,656.8633,658.4579,644.798,637.2251,603.724,669.11273,,153104.2358,241,,,
420,449,508,464,736,684,675,568.97095,583.96985,584.6529,607.1308,579.9067,629.23346,,64258.83123,361,,,
421,508,464,736,684,675,467,536.0447,553.485,574.9832,601.8267,555.7507,612.8029,,76951.81274,329,,,
422,464,736,684,675,467,493,543.97,574.04724,593.3613,590.6847,557.79095,619.8578,,72284.23915,337,,,
423,736,684,675,467,493,443,553.29004,584.42883,585.4543,592.29474,563.7059,612.2521,,100660.1493,292,,,
424,684,675,467,493,443,554,635.6931,633.2842,620.4853,609.5995,561.2382,605.2035,,57829.01563,386,,,
425,675,467,493,443,554,517,628.7657,613.85095,595.6654,574.37366,538.12415,586.73474,,56617.01149,388,,,
426,467,493,443,554,517,447,637.7238,614.8129,603.25226,594.8389,559.1838,614.2136,,101073.4621,291,,,
427,493,443,554,517,447,894,571.35474,571.1045,589.0827,603.65515,576.29236,636.1765,,114479.6106,278,,,
428,443,554,517,447,894,789,558.8192,586.7729,613.6644,630.74365,597.88745,660.436,,161805.2296,237,,,
429,554,517,447,894,789,836,548.17365,593.2242,617.9243,633.02325,601.4382,659.9921,,169326.2651,233,,,
430,517,447,894,789,836,893,585.44525,619.5201,631.2055,630.1262,595.91547,651.6834,,244624.0537,200,,,
431,447,894,789,836,893,874,593.0713,609.06116,613.7314,610.7381,577.59607,631.8401,,342110.0292,151,,,
432,894,789,836,893,874,308,551.6373,564.0972,578.2033,583.1808,554.6606,604.72546,,520264.214,83,,,
433,789,836,893,874,308,407,658.799,666.4307,647.16077,616.8055,566.3577,617.93164,,283532.8436,182,,,
434,836,893,874,308,407,898,705.2218,688.1078,652.75525,614.8928,574.3464,638.46423,,297579.8148,172,,,
435,893,874,308,407,898,913,736.8943,696.49884,657.5585,636.3057,599.6404,668.65546,,379370.6055,131,,,
436,874,308,407,898,913,959,735.41864,707.23126,683.738,667.7995,629.61444,697.2414,,456991.5234,99,,,
437,308,407,898,913,959,866,745.78705,736.47406,710.41565,701.8177,657.40247,730.9337,,489200.4851,88,,,
438,407,898,913,959,866,486,587.28735,610.45355,629.88745,677.155,647.554,714.55237,,374730.6502,135,,,
439,898,913,959,866,486,473,534.6424,593.5436,647.1041,686.5414,642.4288,709.9781,,444194.1679,101,,,
440,913,959,866,486,473,378,689.57587,760.4454,763.9476,729.15515,678.7353,752.67926,,341592.9519,152,,,
441,959,866,486,473,378,356,795.58167,804.4769,744.55194,700.95416,660.81995,737.9382,,375166.7599,134,,,
442,866,486,473,378,356,296,812.4946,753.1473,693.0724,664.84265,628.0262,688.40594,,432921.7501,109,,,
443,486,473,378,356,296,290,744.86755,690.3111,660.8188,654.0207,610.8462,669.3671,,526086.8601,81,,,
444,473,378,356,296,290,289,644.78894,647.3072,666.8434,697.86884,655.7045,724.3158,,683399.6188,46,,,
445,378,356,296,290,289,331,620.13635,674.5922,718.21344,753.2338,708.4837,789.761,,939408.974,21,,,
446,356,296,290,289,331,477,557.3284,651.63934,697.5486,722.5557,695.26746,771.47736,,740486.5691,38,,,
447,296,290,289,331,477,873,535.956,623.9023,656.97766,680.2947,646.9032,705.5043,,483405.8805,91,,,
448,290,289,331,477,873,1034,460.6684,527.99286,560.9188,581.1885,540.5191,587.37244,,459982.9142,98,,,
449,289,331,477,873,1034,998,399.66302,450.82373,482.9225,487.18097,453.2793,498.67905,,762053.3727,36,,,
450,331,477,873,1034,998,577,388.41592,434.42242,461.71866,462.16974,431.8948,480.1073,,831114.9179,31,,,
451,477,873,1034,998,577,946,408.92413,445.6844,471.42798,463.96875,439.35168,491.16992,,1014727.061,17,,,
452,873,1034,998,577,946,343,507.60767,532.99695,542.35724,519.2162,488.7734,537.3573,,842295.827,30,,,
453,1034,998,577,946,343,524,666.19464,664.2362,620.5547,566.5437,518.2495,578.95416,,426295.4995,112,,,
454,998,577,946,343,524,894,753.6426,702.58356,616.88293,549.2381,508.81662,577.3245,,326847.8765,159,,,
455,577,946,343,524,894,869,772.502,690.19763,611.51135,568.0793,535.11176,594.9683,,381591.3557,128,,,
456,946,343,524,894,869,865,677.6641,627.11395,615.6906,629.4864,594.8836,657.2813,,349386.3616,143,,,
457,343,524,894,869,865,310,727.0537,730.08203,722.6997,721.9045,663.38745,752.7858,,477654.8115,94,,,
458,524,894,869,865,310,725,609.6752,669.88763,690.9905,716.344,696.7159,772.0779,,263118.0987,188,,,
459,894,869,865,310,725,329,636.89777,701.8439,714.29834,744.83545,685.95905,745.64124,,480949.696,92,,,
460,869,865,310,725,329,253,722.92395,760.3615,735.3787,688.62726,616.14246,669.6192,,470579.7928,96,,,
461,865,310,725,329,253,800,769.56506,754.94037,680.6337,625.7425,568.4123,617.49506,,429897.2126,110,,,
462,310,725,329,253,800,860,784.49426,721.68207,660.6818,635.1918,567.8876,609.85205,,597689.363,59,,,
463,725,329,253,800,860,293,534.0343,528.6115,549.6813,586.1045,540.804,599.3361,,405811.6208,118,,,
464,329,253,800,860,293,273,640.8244,684.7346,707.3913,703.68066,642.9467,721.7147,,640448.9035,51,,,
465,253,800,860,293,273,274,538.4016,634.84454,657.32056,676.6163,654.67474,734.5853,,654785.246,49,,,
466,800,860,293,273,274,819,447.91516,537.65717,569.66064,617.5007,590.1588,657.5124,,549125.1084,75,,,
467,860,293,273,274,819,767,626.415,670.5774,671.2752,632.75793,586.3546,630.86383,,557113.9714,72,,,
468,293,273,274,819,767,744,692.1202,684.0933,616.7776,571.70294,519.2904,575.7322,,596621.0527,61,,,
469,273,274,819,767,744,744,540.69824,514.2723,497.0528,510.89517,475.23932,508.03806,,426543.1496,111,,,
470,274,819,767,744,744,731,392.0408,407.53516,436.1222,469.38818,407.8093,440.09122,,565780.8203,67,,,
471,819,767,744,744,731,706,355.26797,430.245,465.0959,457.3087,397.04214,442.1485,,669576.1905,48,,,
472,767,744,744,731,706,682,619.6723,652.86115,599.5309,536.72473,476.50208,511.89343,,170231.483,231,,,
473,744,744,731,706,682,670,680.3117,633.28253,570.04785,527.18896,477.67474,515.7928,,139722.2127,250,,,
474,744,731,706,682,670,639,650.5261,576.54596,538.1833,519.7785,478.20828,524.3305,,137004.8384,254,,,
475,731,706,682,670,639,433,645.3465,597.3733,576.819,568.6853,517.06323,569.3976,,73936.87438,334,,,
476,706,682,670,639,433,566,663.64417,651.4334,630.8706,621.6124,562.64764,626.1123,,24983.77112,544,,,
477,682,670,639,433,566,180,687.9325,700.62445,675.46564,674.024,614.07825,678.17847,,310888.6691,163,,,
478,670,639,433,566,180,609,677.7588,689.8155,668.74927,667.6059,608.03534,675.0614,,256122.2521,194,,,
479,639,433,566,180,609,591,664.7536,681.837,661.3992,662.1082,604.5178,671.95734,,310686.6054,164,,,
480,433,566,180,609,591,524,646.98486,669.67053,648.7596,652.35205,594.4852,657.1098,,295882.4274,173,,,
481,566,180,609,591,524,551,544.53595,591.6367,581.8092,602.4637,542.45874,600.93207,,173610.1709,227,,,
482,180,609,591,524,551,544,562.70197,597.2775,578.51434,573.34924,504.276,560.6284,,151649.0899,243,,,
483,609,591,524,551,544,542,330.13394,413.0696,406.70627,440.4861,388.00568,441.21805,,169887.8772,232,,,
484,591,524,551,544,542,531,500.77872,518.76337,489.8365,464.70657,394.10928,437.1998,,48865.86601,417,,,
485,524,551,544,542,531,477,526.1172,521.3907,468.27252,448.31003,395.46075,435.17398,,35513.95913,471,,,
486,551,544,542,531,477,510,512.30756,489.17688,454.7854,454.04532,398.06183,426.5586,,31224.79054,492,,,
487,544,542,531,477,510,492,517.1935,496.8082,478.91122,485.2113,411.28235,447.8957,,17231.91738,613,,,
488,542,531,477,510,492,479,503.94012,497.2946,474.19,462.11606,397.63376,450.23892,,14617.56324,644,,,
489,531,477,510,492,479,459,534.8024,541.1768,507.15,508.7319,442.15314,492.26025,,6885.134204,739,,,
490,477,510,492,479,459,439,519.1759,527.6086,498.52432,505.1578,437.0218,486.13553,,5520.466051,766,,,
491,510,492,479,459,439,422,484.70923,501.54715,474.91385,485.1075,416.1521,464.52783,,3759.712157,801,,,
492,492,479,459,439,422,411,490.883,502.5009,468.19113,470.68988,397.91016,447.33994,,3543.176985,804,,,
493,479,459,439,422,411,382,477.0854,488.37616,448.012,448.95923,379.00305,422.88907,,4370.36155,791,,,
494,459,439,422,411,382,347,463.981,469.4378,427.09567,432.1294,354.9176,394.47018,,4410.561806,790,,,
495,439,422,411,382,347,317,444.4552,447.55984,407.47983,410.93808,330.9191,370.72546,,4677.889096,781,,,
496,422,411,382,347,317,308,425.16272,429.51953,384.0457,384.96756,304.27936,343.76877,,3239.915879,813,,,
497,411,382,347,317,308,301,407.12268,412.7511,363.60806,364.94876,280.13434,315.83237,,4532.069211,786,,,
498,382,347,317,308,301,275,390.3607,393.2424,341.4118,342.6193,255.59976,287.51694,,6220.548353,751,,,
499,347,317,308,301,275,246,362.285,364.64685,312.61197,315.78745,226.3101,257.6046,,5249.165588,771,,,
500,317,308,301,275,246,217,328.09503,333.02798,280.73535,284.14642,195.17426,225.4645,,3898.716119,800,,,
501,308,301,275,246,217,205,293.5444,304.3227,253.93639,261.6656,173.23865,203.2866,,2827.08289,824,,,
502,301,275,246,217,205,127,273.70395,279.67834,223.94968,231.39369,144.64386,170.9457,,7034.444319,734,,,
503,275,246,217,205,127,114,260.79004,258.20016,202.16985,210.79921,125.24217,146.10248,,1637.990241,843,,,
504,246,217,205,127,114,50,232.00485,229.77798,179.82326,193.38673,108.88765,127.08173,,11367.93638,682,,,
505,217,205,127,114,50,64,204.16182,204.27608,159.46367,172.88168,87.90815,106.963425,,7969.16876,724,,,
506,205,127,114,50,64,78,177.92819,182.19107,139.1845,150.51498,69.885666,89.968155,,14694.33515,642,,,
507,127,114,50,64,78,77,165.82256,162.75674,116.464005,128.53123,51.70482,67.8694,,13240.95881,659,,,
508,114,50,64,78,77,87,74.81753,95.26276,62.25919,84.54664,13.136854,24.981976,,11554.60903,678,,,
509,50,64,78,77,87,82,72.16731,80.66748,49.924664,63.889034,2,9.219872,,14251.26347,650,,,
510,64,78,77,87,82,94,47.348873,111.31857,135.23198,184.5605,166.43767,203.2457,,33360.74488,483,,,
511,78,77,87,82,94,110,135.81873,164.2433,175.1693,248.63457,275.90607,328.45978,,127309.7981,263,,,
512,77,87,82,94,110,108,161.78046,172.5342,214.50551,288.2962,337.89633,353.7436,,182139.2035,223,,,
513,87,82,94,110,108,115,126.922966,165.60175,223.56276,301.77344,351.91995,323.50586,,165118.2925,236,,,
514,82,94,110,108,115,130,133.22704,175.08276,244.28134,309.93875,314.3862,302.6608,,137575.9692,253,,,
515,94,110,108,115,130,111,144.69978,160.98352,182.59105,195.16043,217.16579,223.02322,,37306.38305,461,,,
516,110,108,115,130,111,110,154.42706,169.83275,193.0629,203.32027,224.3049,229.06544,,44281.31035,431,,,
517,108,115,130,111,110,112,168.16985,184.7038,205.21487,216.9134,234.10242,237.69514,,56554.63442,389,,,
518,115,130,111,110,112,103,168.79942,182.67067,206.27045,218.5998,235.98758,240.85318,,60915.3715,371,,,
519,130,111,110,112,103,88,170.23474,185.02605,209.45563,222.60683,239.43779,243.28357,,71952.24121,342,,,
520,111,110,112,103,88,91,184.62425,198.66624,222.54303,233.2964,247.03664,253.23376,,94091.59138,303,,,
521,110,112,103,88,91,109,171.65495,184.9481,210.74503,225.2577,239.7894,249.00575,,81311.32144,321,,,
522,112,103,88,91,109,102,161.87953,175.95076,204.53157,219.6365,236.73555,244.19788,,74473.34465,331,,,
523,103,88,91,109,102,89,158.39635,175.1083,202.99405,220.18411,235.44626,243.79373,,77330.18823,328,,,
524,88,91,109,102,89,87,150.25883,165.54132,196.43137,213.83623,229.94547,240.09694,,72888.45565,336,,,
525,91,109,102,89,87,85,126.65173,144.01384,175.33641,196.79097,216.71246,224.32219,,55730.13199,392,,,
526,109,102,89,87,85,90,118.0081,136.06575,168.9976,189.65758,210.27664,216.56328,,49892.3163,412,,,
527,102,89,87,85,90,99,132.4398,149.33876,180.6007,197.73497,216.61682,223.25974,,57509.91398,387,,,
528,89,87,85,90,99,108,125.66878,140.4805,169.77826,189.76436,211.55208,220.11427,,46582.62445,421,,,
529,87,85,90,99,108,112,108.42824,121.09925,153.84964,176.32008,203.73021,209.73874,,30534.63102,497,,,
530,85,90,99,108,112,114,96.673294,111.05024,144.11284,167.92656,193.8593,198.46445,,20040.92763,587,,,
531,90,99,108,112,114,120,93.291115,104.963356,138.84512,158.97035,183.22986,189.41533,,12815.28981,663,,,
532,99,108,112,114,120,131,95.35944,105.07775,137.89616,155.34338,182.62994,187.8934,,9561.047743,704,,,
533,108,112,114,120,131,147,98.90409,109.28598,140.24913,158.34848,187.73021,193.02567,,7586.403253,729,,,
534,112,114,120,131,147,161,109.16797,118.055824,150.15997,168.10085,198.02652,204.22029,,6782.266174,741,,,
535,114,120,131,147,161,164,115.03421,122.3892,154.33646,173.47826,204.50264,212.76031,,5522.514003,765,,,
536,120,131,147,161,164,178,113.16357,118.8948,150.38017,169.79744,202.70142,211.61588,,2909.92044,821,,,
537,131,147,161,164,178,176,115.6247,120.24957,151.4025,169.4424,202.25734,210.89267,,2879.634043,823,,,
538,147,161,164,178,176,170,122.78737,126.90063,156.49455,172.80988,203.64462,214.44725,,4572.070659,784,,,
539,161,164,178,176,170,163,134.98576,137.99696,165.45697,179.19537,209.80394,221.45895,,6522.239238,745,,,
540,164,178,176,170,163,156,150.77327,151.62468,178.284,191.67795,222.56236,235.63783,,11235.61276,683,,,
541,178,176,170,163,156,164,154.56064,152.85837,180.02892,196.11615,228.21214,244.18092,,13925.77036,654,,,
542,176,170,163,156,164,155,164.07993,160.92223,189.66469,204.7825,237.20264,252.17857,,18117.53295,605,,,
543,170,163,156,164,155,163,154.98866,154.8702,180.20004,198.6902,228.23175,245.40778,,14234.4173,651,,,
544,163,156,164,155,163,173,154.6224,149.74509,179.27747,193.42485,224.10075,242.45573,,10376.57835,695,,,
545,156,164,155,163,173,180,142.96558,139.46042,167.76924,186.41815,216.53395,234.62799,,6362.972425,749,,,
546,164,155,163,173,180,187,131.80139,128.1674,160.20084,178.40892,207.95479,226.56288,,4140.522379,797,,,
547,155,163,173,180,187,188,126.74064,128.66153,157.62212,174.39023,202.98352,219.96013,,3522.593484,805,,,
548,163,173,180,187,188,167,131.31126,130.73091,161.81544,176.67851,204.96245,225.9406,,6989.782629,736,,,
549,173,180,187,188,167,163,132.44395,132.73741,161.99571,177.29521,207.39488,228.64764,,10559.71162,692,,,
550,180,187,188,167,163,153,147.80693,148.734,178.07864,190.95428,220.51262,240.87572,,14202.76505,652,,,
551,187,188,167,163,153,138,157.94232,158.30824,186.14957,200.49335,229.19914,253.28189,,22594.6298,562,,,
552,188,167,163,153,138,138,164.53413,162.93909,189.9088,202.35901,234.35489,260.26648,,27960.89039,519,,,
553,167,163,153,138,138,148,164.14308,161.58423,188.21254,204.62756,236.69211,262.07672,,28442.95174,514,,,
554,163,153,138,138,148,150,138.20476,135.15019,162.02142,182.98576,215.35094,243.93999,,16895.03771,618,,,
555,153,138,138,148,150,146,126.82297,123.14559,153.34924,171.26431,204.06664,228.53041,,11417.18782,681,,,
556,138,138,148,150,146,153,107.0984,108.21069,134.58391,155.94408,184.36983,208.9378,,6658.916754,742,,,
557,138,148,150,146,153,148,96.109085,94.0989,124.233345,140.83232,170.50278,196.61105,,8020.184257,722,,,
558,148,150,146,153,148,136,93.35731,94.235725,122.96931,139.23666,171.00949,193.45692,,10646.05443,691,,,
559,150,146,153,148,136,126,110.32559,110.775276,141.98764,155.9404,185.75768,209.7767,,12493.5242,669,,,
560,146,153,148,136,126,121,116.83452,118.24613,147.82191,164.07343,196.185,222.92009,,18160.24486,604,,,
561,153,148,136,126,121,137,115.74924,114.6749,146.13321,163.29195,201.61212,229.81337,,19104.18843,594,,,
562,148,136,126,121,137,136,109.99738,111.25368,140.02145,160.02419,198.35016,225.24908,,15505.30836,636,,,
563,136,126,121,137,136,149,105.65768,105.62957,133.25612,152.41035,187.91167,216.677,,8998.299977,708,,,
564,126,121,137,136,149,167,91.74065,90.27872,116.42071,135.79655,172.49315,201.85677,,4307.971188,792,,,
565,121,137,136,149,167,181,82.688385,80.01691,108.207115,126.413704,164.32184,191.24284,,6109.525926,753,,,
566,137,136,149,167,181,168,73.91446,73.215576,101.169846,120.808945,156.6863,181.92076,,13127.95001,660,,,
567,136,149,167,181,168,140,87.88857,89.55162,116.71854,129.37454,163.7783,187.92552,,13356.91114,657,,,
568,149,167,181,168,140,126,103.51429,104.66707,130.71922,144.18665,178.74393,205.80664,,16919.76835,616,,,
569,167,181,168,140,126,125,115.40996,115.31669,141.53906,154.19673,192.70303,222.1279,,21760.6811,570,,,
570,181,168,140,126,125,132,140.55003,140.76918,166.69463,179.0655,217.38637,244.64346,,27130.05863,528,,,
571,168,140,126,125,132,157,165.76761,165.02823,191.63846,205.40079,239.82103,271.41818,,36120.98475,467,,,
572,140,126,125,132,157,171,150.12848,149.38008,174.42989,192.74095,231.13364,266.89694,,21474.01096,573,,,
573,126,125,132,157,171,161,107.17223,104.464424,130.88843,154.51909,197.13084,230.07623,,6237.931657,750,,,
574,125,132,157,171,161,159,70.44182,69.847435,94.23632,116.96731,154.12451,182.6679,,14305.78931,648,,,
575,132,157,171,161,159,168,67.87751,69.30572,93.44199,108.60467,136.3312,163.1156,,21100.22785,577,,,
576,157,171,161,159,168,247,92.35002,95.94938,120.79032,130.26462,155.09286,182.72778,,16552.26843,623,,,
577,171,161,159,168,247,259,136.15297,141.89452,168.20961,173.73598,201.22015,230.06052,,4630.341417,783,,,
578,161,159,168,247,259,236,155.25485,163.86574,185.55804,196.18956,227.2736,259.96982,,4527.784484,787,,,
579,159,168,247,259,236,226,156.39342,158.6778,182.0768,194.21169,230.85678,266.5787,,10179.32829,697,,,
580,168,247,259,236,226,252,151.25555,151.70737,175.8477,191.0081,227.3741,260.3642,,18371.48599,600,,,
581,247,259,236,226,252,243,150.73697,154.50279,178.21054,193.39299,221.22653,253.386,,25643.95208,539,,,
582,259,236,226,252,243,205,228.61365,238.01758,259.64392,256.9185,273.47116,302.33844,,12486.76938,670,,,
583,236,226,252,243,205,174,273.13504,283.14963,295.6866,298.5911,310.0486,353.06754,,52744.37307,402,,,
584,226,252,243,205,174,180,257.8569,257.19794,275.71204,283.04196,310.44608,357.7174,,58403.51275,380,,,
585,252,243,205,174,180,175,222.76877,227.2974,242.6886,259.85168,287.211,321.7526,,42922.50211,440,,,
586,243,205,174,180,175,169,235.14288,241.20978,257.2199,266.311,273.88165,309.4095,,45240.43138,426,,,
587,205,174,180,175,169,153,235.42598,243.34872,252.85045,259.5123,262.54028,304.70746,,49949.43954,411,,,
588,174,180,175,169,153,154,195.15887,200.06094,212.42815,224.76292,239.62604,281.61618,,29150.46896,509,,,
589,180,175,169,153,154,136,144.90115,152.51225,166.89677,185.61946,203.83693,238.0552,,15705.06436,635,,,
590,175,169,153,154,136,186,142.46371,152.81012,168.86493,179.95418,188.6431,218.68983,,6085.958808,754,,,
591,169,153,154,136,186,189,143.71246,155.97208,166.36516,174.21428,179.23445,211.3496,,2806.798603,825,,,
592,153,154,136,186,189,172,154.46494,160.02481,175.414,178.80005,192.35555,222.97789,,4253.752045,793,,,
593,154,136,186,189,172,166,134.25249,142.1066,156.3405,169.39673,188.75812,216.80832,,4553.548817,785,,,
594,136,186,189,172,166,141,135.15681,141.25171,161.32648,170.69002,189.4596,215.00975,,8798.456111,711,,,
595,186,189,172,166,141,163,119.5899,129.52803,145.95992,159.7366,176.76007,201.86842,,11454.06922,680,,,
596,189,172,166,141,163,179,166.69217,175.58496,193.23567,190.68898,205.61429,227.26051,,7866.322209,726,,,
597,172,166,141,163,179,136,190.35083,202.43245,210.00711,214.36528,224.54413,249.62697,,24049.80568,549,,,
598,166,141,163,179,136,109,188.24013,189.66045,203.68407,206.70522,225.86703,255.21217,,34739.31728,477,,,
599,141,163,179,136,109,91,168.99234,175.45064,186.46698,196.36775,217.92004,237.87392,,38074.13406,459,,,
600,163,179,136,109,91,92,140.84068,146.45325,159.37204,172.06763,185.10847,207.46,,28261.52033,517,,,
601,179,136,109,91,92,103,161.16199,167.57646,180.92648,179.41986,189.10492,206.63295,,34475.91141,478,,,
602,136,109,91,92,103,119,187.39397,197.7242,204.38567,203.14912,207.06592,225.38202,,57870.61074,383,,,
603,109,91,92,103,119,121,160.19331,165.59329,175.39851,180.42404,191.02742,213.35435,,34851.98254,476,,,
604,91,92,103,119,121,122,123.45027,128.4418,143.53624,152.03029,170.97137,185.15538,,11600.95146,677,,,
605,92,103,119,121,122,111,85.73006,96.21952,110.76485,124.25747,137.0437,150.5266,,1952.38088,841,,,
606,103,119,121,122,111,93,84.78367,93.98465,110.11342,113.43691,123.88631,135.87418,,3153.698845,816,,,
607,119,121,122,111,93,81,103.26017,115.03053,126.74359,127.067696,138.75519,146.81607,,6989.341804,737,,,
608,121,122,111,93,81,96,129.6478,139.30608,150.29182,149.58632,162.61995,170.39319,,17316.30654,612,,,
609,122,111,93,81,96,82,139.38432,147.23006,155.58206,158.3352,174.1025,179.45198,,27108.96813,529,,,
610,111,93,81,96,82,66,143.4249,147.81065,155.78615,158.4227,175.21368,179.38455,,35089.98952,474,,,
611,93,81,96,82,66,73,131.0609,135.19655,141.99985,146.96393,161.715,165.10039,,28366.0396,515,,,
612,81,96,82,66,73,84,108.44726,111.80236,119.73013,124.29536,138.30418,140.80995,,13316.98471,658,,,
613,96,82,66,73,84,100,90.27785,94.64128,102.591,105.656,119.32184,118.724144,,4196.086527,796,,,
614,82,66,73,84,100,77,108.23129,111.231636,118.41733,114.84231,125.004265,120.76606,,8288.644697,718,,,
615,66,73,84,100,77,89,105.96623,108.774,113.70002,112.81967,122.37902,117.61598,,6801.643511,740,,,
616,73,84,100,77,89,83,90.57939,91.431274,100.569466,100.166916,115.90846,107.56963,,2229.021012,838,,,
617,84,100,77,89,83,81,96.39792,98.90058,106.8291,105.7077,120.1223,107.47665,,3402.917743,809,,,
618,100,77,89,83,81,52,116.51557,116.99573,122.851654,117.5664,126.74936,116.14148,,10420.32636,694,,,
619,77,89,83,81,52,37,136.5915,136.84131,138.65097,129.8875,139.41646,127.44529,,27148.9439,527,,,
620,89,83,81,52,37,40,116.475426,117.84548,118.16554,116.74028,130.09328,118.835815,,22423.13224,565,,,
621,83,81,52,37,40,22,122.9658,121.18935,123.24262,117.76142,130.46185,117.89844,,32190.22399,488,,,
622,81,52,37,40,22,18,123.0864,122.14646,120.41712,117.11213,124.53782,113.20738,,39174.93715,455,,,
623,52,37,40,22,18,9,126.331604,120.7133,123.43342,116.0019,123.83486,111.940414,,50128.34315,408,,,
624,37,40,22,18,9,33,89.51779,91.13876,92.35222,93.281364,104.83432,90.786674,,28513.52625,513,,,
625,40,22,18,9,33,33,68.75743,69.16673,75.818474,73.77526,88.00486,73.74133,,15275.89104,639,,,
626,22,18,9,33,33,34,73.63302,76.46741,78.27534,73.7712,86.91299,69.608376,,16720.3372,620,,,
627,18,9,33,33,34,36,49.76539,53.26377,52.619118,51.155563,68.63986,49.625095,,5068.41871,773,,,
628,9,33,33,34,36,50,32.463978,37.864697,35.368736,33.44451,57.1544,28.552721,,1487.637436,849,,,
629,33,33,34,36,50,58,17.667284,25.020824,16.949839,16.91957,40.82778,8.926344,,3445.883562,807,,,
630,33,34,36,50,58,74,69.39178,65.59229,64.47661,58.409325,84.450905,51.247093,,4421.413655,789,,,36
631,34,36,50,58,74,93,62.905643,59.602028,53.550587,67.51301,97.83685,71.556274,,2523.724753,831,,,50
632,36,50,58,74,93,89,49.339333,47.948124,58.64512,71.685875,114.275734,86.40833,,647.292965,863,,,58
633,50,58,74,93,89,76,45.365192,61.02846,72.21833,92.67779,127.13603,108.13722,,2521.088876,832,,,74
634,58,74,93,89,76,60,80.279724,89.000916,110.022865,113.424446,141.03188,135.20792,,11493.12172,679,,,93
635,74,93,89,76,60,45,98.97575,103.16154,112.274086,111.16796,143.46828,132.68204,,17160.60738,614,,,89
636,93,89,76,60,45,43,115.936386,118.564186,129.22504,127.95675,160.93845,152.48648,,34280.15714,479,,,
637,89,76,60,45,43,46,136.74092,139.50772,150.29544,151.26538,182.41162,176.33437,,62180.67121,366,,,
638,76,60,45,43,46,57,132.33006,135.50067,149.12134,155.26955,186.26138,186.01479,,68637.20289,348,,,
639,60,45,43,46,57,68,108.64198,114.90283,131.52715,142.09747,175.35818,176.12193,,50023.23841,410,,,
640,45,43,46,57,68,77,82.18443,90.99783,109.55128,123.43971,154.94514,155.45746,,25854.50417,538,,,
641,43,46,57,68,77,76,57.67853,67.63678,88.468475,101.54474,130.68268,130.41487,,8641.932201,714,,,
642,46,57,68,77,76,79,49.393654,60.68212,82.569336,92.17312,120.52612,114.99343,,3745.666383,802,,,
643,57,68,77,76,79,77,56.888767,67.91425,91.48659,99.29706,127.96955,120.547935,,5047.07349,775,,,
644,68,77,76,79,77,62,71.52511,81.82665,106.11157,112.93135,144.09747,137.88327,,12354.10726,671,,,
645,77,76,79,77,62,47,91.660385,100.06367,124.990166,132.16322,167.00461,161.548,,30099.27574,501,,,
646,76,79,77,62,47,46,103.42687,111.13448,136.02545,146.63431,183.463,181.75337,,49482.95602,414,,,
647,79,77,62,47,46,47,102.87347,109.53659,135.9429,149.35925,188.22711,189.70018,,58165.43297,381,,,
648,77,62,47,46,47,43,103.07562,109.449814,137.5692,152.10948,190.5091,192.51863,,65344.10704,357,,,
649,62,47,46,47,43,58,97.81435,106.00006,135.17062,151.57555,187.3744,192.53217,,62593.99202,362,,,
650,47,46,47,43,58,72,74.92314,83.78082,115.048,134.72775,171.6912,178.95345,,39616.33196,452,,,
651,46,47,43,58,72,76,47.356083,57.55864,90.13967,111.22192,151.05728,156.66167,,17924.40362,607,,,
652,47,43,58,72,76,89,35.07228,47.513493,80.610565,100.29227,138.01477,141.95671,,8124.577147,721,,,
653,43,58,72,76,89,73,34.99389,48.06542,81.06077,98.30061,134.01505,138.13687,,7011.374996,735,,,
654,58,72,76,89,73,57,27.967472,39.900497,71.42747,89.0093,129.81807,134.12285,,11129.46602,685,,,
655,72,76,89,73,57,51,41.282616,50.592533,82.12528,97.52969,142.85693,144.7117,,18391.35967,599,,,
656,76,89,73,57,51,59,60.442142,68.37067,98.51859,116.38219,160.41592,163.84993,,27810.4105,521,,,
657,89,73,57,51,59,71,61.02256,66.62921,96.06838,115.68145,163.34444,170.51729,,27324.80557,524,,,
658,73,57,51,59,71,72,63.004772,67.819145,94.938194,113.35221,165.50667,170.32997,,23701.97978,553,,,
659,57,51,59,71,72,68,44.304554,44.635498,69.07693,92.2832,143.75914,151.28302,,12841.63595,662,,,
660,51,59,71,72,68,66,19.780886,13.685663,42.10299,62.79075,116.227234,121.78477,,9385.676352,705,,,
661,59,71,72,68,66,79,3.1502168,2,28.373346,48.724636,100.17526,98.694984,,11710.86367,675,,,
662,71,72,68,66,79,77,18.787025,14.34637,47.570568,61.29605,107.99001,105.83249,,8161.357807,720,,,
663,72,68,66,79,77,74,44.735863,41.926014,75.04868,85.601585,134.16951,133.74799,,8386.820629,715,,,
664,68,66,79,77,74,82,52.868107,48.75396,81.83248,96.66826,153.10698,156.78265,,12771.6225,664,,,
665,66,79,77,74,82,73,47.689117,41.619392,75.59299,94.716934,158.01686,161.73878,,15816.9034,634,,,
666,79,77,74,82,73,87,40.55883,34.671207,68.94122,90.27655,152.27338,155.80641,,14382.13364,647,,,
667,77,74,82,73,87,117,50.95241,46.42951,80.84919,97.78968,154.49197,158.4487,,8327.622208,716,,,
668,74,82,73,87,117,122,55.062103,51.078964,83.86641,101.169304,156.84427,164.18391,,5000.650567,777,,,
669,82,73,87,117,122,110,52.173306,45.41855,79.57321,97.26942,157.52023,166.55151,,6554.581078,743,,,
670,73,87,117,122,110,116,53.884937,48.71873,82.39156,101.53661,161.89743,168.59244,,8906.643702,710,,,
671,87,117,122,110,116,97,43.567596,38.438606,72.11617,94.98143,152.06667,162.55406,,16370.35975,624,,,
672,117,122,110,116,97,83,56.299572,50.941322,86.849266,102.59294,160.45761,169.53491,,20964.74234,578,,,
673,122,110,116,97,83,67,85.85282,85.46863,116.13048,131.48802,184.35674,194.24138,,29561.40481,504,,,
674,110,116,97,83,67,80,103.35349,99.08484,129.37947,145.54428,197.9723,217.04631,,41225.95022,447,,,
675,116,97,83,67,80,121,88.54535,80.60535,109.96109,130.70753,192.8892,212.71347,,26963.42416,531,,,
676,97,83,67,80,121,103,76.29808,68.55904,97.65442,120.364845,180.34247,195.9609,,15369.38267,638,,,
677,83,67,80,121,103,123,58.430458,50.5423,80.23354,104.897316,155.92125,173.11798,,6446.339877,748,,,
678,67,80,121,103,123,142,30.517584,23.119406,52.83602,74.060646,125.936676,143.89772,,10062.40844,698,,,
679,80,121,103,123,142,160,7.659323,2.2444875,31.570671,51.95388,105.27519,118.08982,,32590.92036,485,,,
680,121,103,123,142,160,163,22.415955,17.919594,48.85301,63.730385,111.71124,122.20396,,32577.51939,486,,,
681,103,123,142,160,163,134,77.83619,78.13056,106.35577,112.65984,155.9401,168.31995,,7385.787017,732,,,
682,123,142,160,163,134,103,86.266754,82.79736,109.797356,126.62493,177.72893,201.43005,,20298.42919,584,,,
683,142,160,163,134,103,89,95.32079,86.90691,117.316154,131.44398,197.05653,217.03409,,34854.45451,475,,,
684,160,163,134,103,89,117,111.90879,108.07266,133.72044,154.55026,211.25208,227.4679,,35136.01261,473,,,
685,163,134,103,89,117,108,134.34396,127.27622,154.48131,170.13776,216.6675,242.35364,,38084.55036,458,,,
686,134,103,89,117,108,104,138.19273,133.33733,155.74298,169.23306,220.53296,247.2036,,41291.78865,446,,,
687,103,89,117,108,104,115,107.373405,97.63261,121.519325,144.53784,197.47357,226.22548,,22557.50237,563,,,
688,89,117,108,104,115,122,62.131927,50.258114,77.64259,102.26902,154.41928,179.38106,,10947.40701,688,,,
689,117,108,104,115,122,124,22.49282,17.502375,43.490665,67.18822,111.63362,130.24342,,23215.21526,558,,,
690,108,104,115,122,124,111,48.24137,48.922607,74.17777,82.50049,116.715744,132.18045,,10332.95068,696,,,
691,104,115,122,124,111,81,60.40297,62.37191,82.31891,93.46638,127.79796,152.61382,,12588.01841,667,,,
692,115,122,124,111,81,111,59.90494,53.97717,78.48088,89.60981,139.08975,166.09195,,16601.64356,621,,,
693,122,124,111,81,111,100,62.395184,60.866856,82.02975,99.1314,151.28989,169.31311,,15134.13347,640,,,
694,124,111,81,111,100,90,83.66142,79.33892,104.09363,119.30813,162.7299,185.1186,,16214.55421,628,,,
695,111,81,111,100,90,109,95.061485,91.00546,115.48618,128.78294,175.37035,200.14362,,16797.98506,619,,,
696,81,111,100,90,109,99,70.62091,67.693985,89.6811,109.771805,162.0026,186.63536,,12969.77234,661,,,
697,111,100,90,109,99,185,29.113194,23.990505,46.62428,68.90786,122.48764,144.3707,,18174.13435,602,,,
698,100,90,109,99,185,164,49.359016,47.006187,69.209595,78.1428,122.908775,136.90573,,11020.69603,687,,,
699,90,109,99,185,164,146,68.826324,66.80002,87.93751,100.2353,136.1928,157.14468,,10434.04018,693,,,
700,109,99,185,164,146,182,51.79533,46.746937,70.98647,84.975914,133.9865,158.58162,,25939.39276,537,,,
701,99,185,164,146,182,163,55.97515,56.715225,78.08379,90.39221,145.33322,158.05344,,30150.86388,500,,,
702,185,164,146,182,163,144,51.86641,51.915184,70.17536,88.86825,132.27278,151.81334,,45715.66798,423,,,
703,164,146,182,163,144,125,144.69604,143.00931,163.63962,154.71599,194.62971,210.75108,,10703.93073,690,,,
704,146,182,163,144,125,109,155.03192,156.87529,164.68338,179.79283,218.16223,246.35533,,29542.47486,505,,,
705,182,163,144,125,109,129,124.07737,108.93442,128.77473,140.9349,199.15929,230.78465,,25252.66044,541,,,
706,163,144,125,109,129,166,125.58382,123.66472,132.98962,145.68517,197.57956,207.18245,,9622.280102,702,,,
707,144,125,109,129,166,129,124.3721,116.963066,128.31918,143.7087,169.47058,194.86644,,5389.856182,767,,,
708,125,109,129,166,129,122,111.94208,100.360245,115.675644,119.76437,156.92795,181.84547,,6921.877256,738,,,
709,109,129,166,129,122,98,70.71204,67.27361,78.925476,95.98598,137.0709,152.33766,,17127.72667,615,,,
710,129,166,129,122,98,86,54.61219,48.6834,67.84234,79.924324,113.174034,128.0777,,26808.13694,532,,,
711,166,129,122,98,86,78,70.2002,71.64741,85.15693,88.00465,116.84431,128.6131,,17437.29744,610,,,
712,129,122,98,86,78,74,122.70012,124.80555,136.10283,131.49628,156.75668,171.21721,,19223.09731,593,,,
713,122,98,86,78,74,65,106.42902,104.1397,111.78824,120.23401,154.92084,177.39969,,21910.76892,568,,,
714,98,86,78,74,65,47,85.68534,76.75793,90.795006,97.51412,145.61545,160.9435,,20435.6647,582,,,
715,86,78,74,65,47,40,51.505653,47.412773,58.392326,76.290855,115.47782,123.6742,,14187.1049,653,,,
716,78,74,65,47,40,40,32.220585,25.589655,41.925907,50.805065,83.2316,93.26037,,9691.846879,701,,,
717,74,65,47,40,40,50,23.05408,22.511469,35.119682,39.516026,74.58772,77.54008,,6496.904599,746,,,
718,65,47,40,40,50,46,24.172815,22.697569,37.03042,41.304485,76.102905,79.11235,,4045.776646,798,,,
719,47,40,40,50,46,43,19.689072,18.638216,31.497746,35.020714,73.84003,74.83393,,3287.346306,810,,,
720,40,40,50,46,43,39,7.227283,3.1413698,17.52056,23.330353,67.17176,64.94863,,5259.041898,770,,,
721,40,50,46,43,39,47,2,2,12.652784,17.437075,63.069733,55.758663,,6169.566174,752,,,
722,50,46,43,39,47,44,8.180467,3.9368596,21.280159,24.38952,68.35072,57.45883,,4840.392089,778,,,
723,46,43,39,47,44,38,25.969906,23.380045,39.757034,39.44576,83.07194,71.14877,,3469.24439,806,,,
724,43,39,47,44,38,36,33.07864,30.005184,44.055706,44.77646,92.33518,81.004585,,5166.336313,772,,,
725,39,47,44,38,36,45,29.520844,23.798557,37.354504,40.323208,92.223625,79.875984,,5055.151536,774,,,
726,47,44,38,36,45,51,22.261587,15.702216,28.36557,33.12257,84.61495,69.50692,,3425.705853,808,,,
727,44,38,36,45,51,65,27.194796,20.69638,32.7113,34.42034,81.41346,64.159454,,1630.259967,844,,,
728,38,36,45,51,65,82,28.283752,22.983963,32.53121,32.71947,77.3444,60.23786,,1379.446144,851,,,
729,36,45,51,65,82,85,22.230238,14.74914,23.783646,23.372519,70.20117,51.905025,,4812.787735,779,,,
730,45,51,65,82,85,80,21.221699,12.064362,20.478533,19.363205,66.635895,44.276783,,9600.309202,703,,,
731,51,65,82,85,80,74,35.449615,25.093563,33.74877,30.03916,72.57456,48.48649,,7889.289669,725,,,
732,65,82,85,80,74,66,47.223797,38.326828,44.370934,38.46525,78.75954,54.979893,,5743.291787,759,,,
733,82,85,80,74,66,74,64.78865,55.36564,58.383247,49.07305,90.24371,65.66789,,2920.24424,819,,,
734,85,80,74,66,74,74,89.564575,78.175766,76.00786,64.8543,103.27033,79.26221,,913.9503773,857,,,
735,80,74,66,74,74,70,97.94496,82.60698,77.556885,66.99942,103.15393,81.53937,,1561.7801,846,,,
736,74,66,74,74,70,62,90.29411,72.49893,67.339676,57.944447,94.347694,71.47655,,1292.490013,852,,,
737,66,74,74,70,62,52,78.092766,60.151142,55.72537,47.89004,80.63365,56.590553,,1529.124379,848,,,
738,74,74,70,62,52,39,61.26166,45.136787,39.89842,31.073545,58.99315,35.00122,,2922.795496,818,,,
739,74,70,62,52,39,36,65.5858,51.699913,44.03315,28.454422,52.136368,24.581417,,1585.84209,845,,,
740,70,62,52,39,36,27,77.961555,62.262077,51.47682,33.441776,54.053196,25.50015,,422.7900496,864,,70,77.961555
741,62,52,39,36,27,18,76.51414,57.741547,46.269264,28.53244,51.25356,22.129408,,957.5194565,856,,62,62.262077
742,52,39,36,27,18,18,66.619865,46.404617,34.44682,18.545366,44.759354,11.662242,,1098.692213,855,,52,51.47682
743,39,36,27,18,18,18,52.62174,31.994373,20.364092,5.624264,30.55316,2,,812.3727908,861,,39,33.441776
744,36,27,18,18,18,112,35.57292,16.038002,4.593223,2,12.8479,2,,12682.6336,666,,36,42.053196
745,27,18,18,18,112,139,33.7915,14.086935,2.40937,2,6.936518,2,,30367.83954,498,,27,25.50015
746,18,18,18,112,139,177,25.41447,6.8047137,2,2,2,2,,61930.3088,368,,,
747,18,18,112,139,177,137,12.934711,2,2,2,2,2,,80000.65715,323,,,
748,18,112,139,177,137,128,12.284172,2,2,2,2,2,,95627.67069,296,,,
749,112,139,177,137,128,116,20.539686,2,2,2,2,2,,104855.989,286,,,
750,139,177,137,128,116,106,171.74881,129.5275,102.669655,59.225872,71.94992,22.42184,,18160.29446,603,,,
751,177,137,128,116,106,108,203.44902,158.2857,124.02265,93.866585,104.6387,72.889885,,2892.912369,822,,,
752,137,128,116,106,108,122,218.4504,163.08302,154.20663,122.35834,157.74684,133.49968,,12199.31855,672,,,
753,128,116,106,108,122,127,187.73131,158.35068,160.47063,160.4912,192.03972,187.73216,,19677.74274,590,,,
754,116,106,108,122,127,127,197.01619,176.48872,200.31288,196.87457,215.98824,236.81018,,45637.33423,425,,,
755,106,108,122,127,127,148,182.08565,195.78012,206.88303,215.22777,231.79594,251.08775,,50092.91702,409,,,
756,108,122,127,127,148,195,165.06696,181.0922,189.22159,197.95618,218.38063,229.35336,,21788.41819,569,,,
757,122,127,127,148,195,204,157.25508,172.50757,178.9635,190.48047,206.68375,209.10184,,7981.194042,723,,,
758,127,127,148,195,204,212,169.18977,177.56555,188.08788,192.31062,206.84196,206.48643,,5989.598618,755,,,
759,127,148,195,204,212,245,171.69255,178.64133,192.49896,198.16739,211.11292,209.99634,,4202.632794,795,,,
760,148,195,204,212,245,253,167.41663,171.24588,187.04901,192.56082,209.78444,208.76743,,4803.137434,780,,,
761,195,204,212,245,253,680,184.87434,187.06232,202.87387,205.61295,221.25577,221.55489,,213203.655,212,,,
762,204,212,245,253,680,255,228.8655,229.84161,243.00845,240.02933,249.25293,252.60875,,186657.5771,219,,,
763,212,245,253,680,255,330,244.1256,244.54659,255.73143,255.55374,263.71686,270.2171,,184844.3269,221,,,
764,245,253,680,255,330,396,254.7406,251.65239,266.95428,267.55856,278.44727,285.22815,,185789.2663,220,,,
765,253,680,255,330,396,402,279.48636,277.35452,291.9922,293.21487,298.0802,309.09146,,183766.7625,222,,,
766,680,255,330,396,402,558,293.52362,292.78134,308.70428,309.8277,311.2765,328.10394,,219753.5468,209,,,
767,255,330,396,402,558,334,462.7903,443.3128,424.6791,396.69247,374.3907,400.74597,,95034.65963,298,,,
768,330,396,402,558,334,254,333.88556,339.84808,337.58148,339.60464,345.8275,363.78256,,67206.51492,354,,,
769,396,402,558,334,254,248,368.4704,357.38867,381.7697,392.21936,375.57602,399.1055,,74808.26293,330,,,
770,402,558,334,254,248,270,416.74615,419.05197,437.26428,428.55313,405.525,448.4793,,117325.2969,273,,,
771,558,334,254,248,270,309,446.12625,452.3132,453.7643,443.134,435.18268,463.66168,,155702.3558,240,,,
772,334,254,248,270,309,532,521.6302,510.7039,501.67325,509.3273,474.18976,498.39877,,251146.358,197,,,
773,254,248,270,309,532,305,410.20428,411.09866,426.18896,435.47015,427.57373,466.94986,,128523.2431,260,,,
774,248,270,309,532,305,287,333.88287,351.56058,383.14194,416.6596,408.77298,455.57785,,72015.7536,341,,,
775,270,309,532,305,287,338,302.33807,337.2652,374.18387,401.43774,397.429,447.93222,,60330.49792,375,,,
776,309,532,305,287,338,367,309.52936,348.18396,372.79623,393.75748,393.7345,437.60876,,57874.0366,382,,,
777,532,305,287,338,367,564,344.2582,367.6408,386.06854,403.85687,398.39072,432.16217,,71689.14696,344,,,
778,305,287,338,367,564,381,468.1345,477.53342,487.30792,474.02502,460.7604,493.4607,,119968.8832,271,,,
779,287,338,367,564,381,384,391.9293,396.26422,406.977,425.1407,427.51413,470.29938,,44896.09033,427,,,
780,338,367,564,381,384,392,343.25568,339.13284,375.24136,398.44766,410.57892,443.12198,,40058.34162,451,,,
781,367,564,381,384,392,288,345.21906,366.02493,393.0687,411.34668,402.82895,433.9615,,61984.05776,367,,,
782,564,381,384,392,288,247,391.33713,410.40656,429.99164,429.33475,413.35626,456.63168,,93845.96014,305,,,
783,381,384,392,288,247,272,520.6621,529.09064,528.69336,508.45224,487.80505,525.66156,,230172.3199,204,,,
784,384,392,288,247,272,212,461.0098,460.83655,465.4363,472.70874,468.63858,513.30835,,222550.5087,207,,,
785,392,288,247,272,212,175,436.60327,430.52246,458.4002,470.57593,471.7068,510.06476,,286140.5632,180,,,
786,288,247,272,212,175,174,419.82693,437.90714,462.08932,478.22263,465.00104,506.1735,,355272.1512,140,,,
787,247,272,212,175,174,180,354.1353,375.72412,401.37637,423.22116,415.9623,468.1575,,261294.3188,191,,,
788,272,212,175,174,180,182,300.03165,322.82855,351.40213,378.3738,378.40952,419.67352,,181810.1422,224,,,
789,212,175,174,180,182,231,283.394,312.00397,343.57825,363.37457,356.93857,394.21228,,143491.9584,247,,,
790,175,174,180,182,231,253,234.02486,259.20502,286.47443,311.80603,308.01862,354.36658,,55137.29057,394,,,
791,174,180,182,231,253,552,178.84549,194.45107,228.41293,252.77556,267.086,308.68338,,62262.04025,364,,,
792,180,182,231,253,552,328,147.25346,166.75877,200.53484,227.76534,242.42621,276.07544,,101401.6364,290,,,
793,182,231,253,552,328,278,154.06049,172.61589,206.7948,227.45807,234.03821,270.6472,,120534.587,270,,,
794,231,253,552,328,278,301,171.10323,187.04752,218.97095,233.61333,245.23135,281.53305,,129207.2909,258,,,
795,253,552,328,278,301,349,218.49686,231.95132,262.80835,271.3088,287.06,320.8943,,108900.6016,282,,,
796,552,328,278,301,349,362,255.8488,266.6414,293.13275,305.30334,318.94827,358.27725,,92634.89526,306,,,
797,328,278,301,349,362,363,467.34756,478.62482,495.58887,465.366,464.8953,501.8106,,140929.7606,249,,,
798,278,301,349,362,363,369,419.7856,418.58508,422.69907,444.64294,452.47534,521.5918,,77480.90975,326,,,
799,301,349,362,363,369,690,332.12946,306.94904,349.89462,371.94693,420.57495,472.04364,,53128.86463,400,,,
800,349,362,363,369,690,329,280.14594,299.2731,328.54242,368.87445,381.32617,405.18875,,110947.1451,281,,,
801,362,363,369,690,329,404,325.6486,347.00192,376.23672,386.84427,363.17883,411.6607,,94760.00834,300,,,
802,363,369,690,329,404,535,379.60898,397.25726,408.2268,402.75198,392.9486,443.56348,,94392.59238,302,,,
803,369,690,329,404,535,426,382.73178,391.20047,410.37317,415.9737,421.02228,471.65173,,111309.6843,280,,,
804,690,329,404,535,426,723,383.6706,392.29993,414.34637,425.27234,428.4696,477.20346,,170413.8272,230,,,
805,329,404,535,426,723,663,556.29596,574.3997,575.8407,544.8037,521.76697,568.93335,,145825.0601,246,,,
806,404,535,426,723,663,453,462.9664,462.8242,459.4903,476.88446,470.9534,546.6324,,116029.7646,276,,,
807,535,426,723,663,453,581,441.79605,430.62027,462.23764,468.0662,486.83893,536.0513,,117869.9768,272,,,
808,426,723,663,453,581,444,486.9447,522.2759,532.13544,537.98676,511.48245,546.7456,,83742.0513,317,,,
809,723,663,453,581,444,383,495.71158,512.11414,521.45276,520.6173,490.762,560.5272,,116461.0108,274,,,
810,663,453,581,444,383,302,621.9993,633.82874,620.9897,583.7412,565.1683,615.7784,,187149.0435,218,,,
811,453,581,444,383,302,301,636.3058,640.184,616.95605,602.037,573.855,642.42755,,305472.6777,166,,,
812,581,444,383,302,301,304,574.84814,559.4963,561.374,563.3333,560.70355,628.9708,,286541.573,179,,,
813,444,383,302,301,304,258,572.1688,585.7349,593.5585,599.04755,579.50244,625.1127,,442040.7109,104,,,
814,383,302,301,304,258,268,510.9693,543.71173,556.41895,571.1802,538.99066,600.35657,,400841.4421,122,,,
815,302,301,304,258,268,277,481.8356,506.37512,521.46936,531.1442,512.54663,572.0399,,343272.0563,150,,,
816,301,304,258,268,277,265,372.85956,408.34705,428.512,456.67712,442.9263,494.01804,,160706.3006,238,,,
817,304,258,268,277,265,200,335.92755,374.6427,404.20874,421.02386,401.54276,451.9207,,136028.5454,255,,,
818,258,268,277,265,200,240,338.81454,380.26923,396.3189,404.48154,381.113,429.25378,,121446.3818,268,,,
819,268,277,265,200,240,288,305.9462,332.53085,353.6472,363.60577,350.63568,406.76666,,65494.53666,356,,,
820,277,265,200,240,288,279,294.56454,318.73926,342.7933,351.92603,348.42047,395.92828,,53436.63971,398,,,
821,265,200,240,288,279,317,290.2328,318.95566,337.2539,347.4327,338.43665,386.6739,,36164.87784,466,,,
822,200,240,288,279,317,495,294.04523,316.8753,335.1449,340.8081,332.3597,385.2401,,33080.35589,484,,,
823,240,288,279,317,495,557,234.57904,253.02515,270.37393,288.26727,290.41248,343.22083,,89710.19266,310,,,
824,288,279,317,495,557,443,246.17717,264.06836,288.32016,294.48645,295.1706,336.7492,,122844.1871,266,,,
825,279,317,495,557,443,275,299.98907,325.9417,338.36386,339.77307,324.634,366.48547,,94623.01571,301,,,
826,317,495,557,443,275,221,325.3378,341.25888,354.3897,351.77576,341.51428,394.22095,,107508.2935,284,,,
827,495,557,443,275,221,198,357.81918,371.642,384.72824,379.3441,377.90063,419.48438,,141132.593,248,,,
828,557,443,275,221,198,134,472.0219,486.41687,482.38788,460.27408,437.26154,476.7414,,284085.872,181,,,
829,443,275,221,198,134,97,561.5633,557.53217,531.21246,498.86148,462.8718,514.05444,,562722.1504,71,,,
830,275,221,198,134,97,84,525.2888,510.90286,488.2136,466.96982,447.98212,487.55167,,627823.3852,55,,,
831,221,198,134,97,84,90,397.98236,397.76996,397.38474,411.4693,384.84464,413.71796,,434794.0696,108,,,
832,198,134,97,84,90,103,299.29333,325.59985,346.08737,359.85947,321.8931,358.57654,,304207.5839,167,,,
833,134,97,84,90,103,103,257.9417,306.66617,320.3437,324.01855,290.9219,333.0775,,258194.7706,192,,,
834,97,84,90,103,103,93,192.28206,238.15704,252.37788,266.50195,246.11737,291.845,,145964.4431,245,,,
835,84,90,103,103,93,95,124.497055,160.43025,184.51337,199.19653,196.34558,237.6157,,53518.18024,397,,,
836,90,103,103,93,95,100,84.64317,119.62243,147.24023,164.76402,167.77359,204.70894,,23672.23084,554,,,
837,103,103,93,95,100,93,94.806274,121.342865,149.46777,159.9364,165.68484,201.07172,,23802.93781,552,,,
838,103,93,95,100,93,68,116.76374,140.74536,166.88098,177.21196,188.44583,219.535,,45670.38468,424,,,
839,93,95,100,93,68,60,126.48967,147.77126,174.67142,189.4592,206.46608,235.818,,68871.38654,347,,,
840,95,100,93,68,60,83,116.39227,137.75517,165.11281,185.33739,205.73671,232.28322,,64376.07095,360,,,
841,100,93,68,60,83,130,110.72758,133.28522,158.83229,176.61418,195.43486,217.84003,,43944.82042,434,,,
842,93,68,60,83,130,145,123.16145,143.69688,166.6305,178.93593,192.20107,212.56932,,35648.08302,469,,,
843,68,60,83,130,145,156,123.71246,141.88567,162.76527,173.47154,186.05908,206.6909,,22316.82963,566,,,
844,60,83,130,145,156,135,95.77847,112.6873,134.1307,148.5178,165.77596,183.88258,,4675.948318,782,,,
845,83,130,145,156,135,126,77.170715,94.55317,118.06075,131.70203,150.06161,163.54025,,4242.695323,794,,,
846,130,145,156,135,126,122,97.78791,116.26229,136.39507,143.05524,156.45549,167.39394,,5300.86155,769,,,
847,145,156,135,126,122,134,160.70761,175.62929,191.40878,189.68378,197.65036,207.54544,,19001.52105,595,,,
848,156,135,126,122,134,135,191.1346,204.01042,213.91287,216.53133,225.68324,237.07486,,41486.81679,445,,,
849,135,126,122,134,135,107,199.83699,210.33075,220.04866,224.86911,237.2569,246.1739,,59012.09359,379,,,
850,126,122,134,135,107,105,178.67769,190.2996,197.95772,209.07414,216.00903,224.9538,,43289.2253,438,,,
851,122,134,135,107,105,100,164.534,173.45892,183.88702,188.37547,188.99026,199.49078,,29330.83445,506,,,
852,134,135,107,105,100,94,156.7049,167.19489,173.81009,175.04906,171.08752,179.6582,,23313.24509,557,,,
853,135,107,105,100,94,84,170.90642,176.83618,181.86308,176.42705,170.40929,177.2013,,32440.25199,487,,,
854,107,105,100,94,84,86,177.74217,181.48964,183.8238,179.411,174.26831,178.55179,,41890.78963,442,,,
855,105,100,94,84,86,87,151.38002,155.90147,162.64572,165.10817,163.71245,168.3541,,29224.56519,508,,,
856,100,94,84,86,87,99,143.8861,148.74232,159.52406,161.74869,161.82587,164.7195,,26282.42255,534,,,
857,94,84,86,87,99,84,136.42264,144.74055,154.00827,157.86708,157.03238,161.90579,,24573.43186,545,,,
858,84,86,87,99,84,97,132.39154,139.03835,149.24432,151.1664,153.01254,156.50354,,20053.89833,586,,,
859,86,87,99,84,97,207,122.06727,129.86688,138.8714,142.95677,147.17087,146.12483,,14426.94915,646,,,
860,87,99,84,97,207,105,129.82274,133.28973,143.13908,144.09842,147.74937,144.46223,,13793.16935,655,,,
861,99,84,97,207,105,77,132.30147,135.24876,143.52493,145.34984,148.32742,142.39983,,15855.13773,632,,,
862,84,97,207,105,77,68,150.13763,148.67734,156.21492,154.07167,157.49352,150.15279,,25260.17439,540,,,
863,97,207,105,77,68,64,136.94946,138.75983,146.14767,149.09093,153.79634,147.80228,,27526.74718,522,,,
