,true_step1,true_step2,true_step3,true_step4,true_step5,true_step6,pred_step1,pred_step2,pred_step3,pred_step4,pred_step5,pred_step6
0,228.0,261.0,283.0,292.0,377.0,379.0,410.4929,356.2308,357.51923,369.13214,362.32388,343.1308
1,261.0,283.0,292.0,377.0,379.0,315.0,333.93216,303.4612,345.08368,367.47305,338.54117,327.74777
2,283.0,292.0,377.0,379.0,315.0,233.0,317.7453,317.32245,352.41385,343.20642,312.23654,320.06625
3,292.0,377.0,379.0,315.0,233.0,198.0,348.48697,336.4381,344.06952,331.53568,319.59952,326.0735
4,377.0,379.0,315.0,233.0,198.0,197.0,351.16458,315.40833,319.76804,326.7507,310.61392,310.0917
5,379.0,315.0,233.0,198.0,197.0,226.0,357.05118,322.01306,324.76904,310.9483,289.55676,286.64084
6,315.0,233.0,198.0,197.0,226.0,237.0,370.10907,328.12885,323.63995,308.28192,286.90448,281.02725
7,233.0,198.0,197.0,226.0,237.0,200.0,344.31,303.50873,307.68365,302.1585,282.25214,274.64136
8,198.0,197.0,226.0,237.0,200.0,201.0,289.6028,263.0775,281.1532,286.90057,267.88293,264.49615
9,197.0,226.0,237.0,200.0,201.0,193.0,248.03783,233.70987,255.5094,259.38586,241.9836,243.02557
10,226.0,237.0,200.0,201.0,193.0,217.0,232.74481,220.7137,235.26001,236.91927,221.96744,224.415
11,237.0,200.0,201.0,193.0,217.0,203.0,242.67982,224.75035,227.92268,224.19557,208.65526,209.8272
12,200.0,201.0,193.0,217.0,203.0,287.0,247.73386,223.26195,219.64859,211.92877,196.29164,194.59401
13,201.0,193.0,217.0,203.0,287.0,155.0,224.08017,199.63202,199.81346,194.04662,178.4904,173.43158
14,193.0,217.0,203.0,287.0,155.0,164.0,209.7618,187.39842,190.08084,182.05206,162.85936,156.74232
15,217.0,203.0,287.0,155.0,164.0,149.0,197.91594,176.30101,176.29907,164.92603,143.4627,137.91449
16,203.0,287.0,155.0,164.0,149.0,136.0,208.1935,180.50188,175.86577,161.10092,137.87209,132.14839
17,287.0,155.0,164.0,149.0,136.0,138.0,200.51741,169.91316,164.96953,153.7494,130.73636,124.530846
18,155.0,164.0,149.0,136.0,138.0,123.0,245.26811,205.88116,195.92876,175.75906,147.03891,139.93933
19,164.0,149.0,136.0,138.0,123.0,103.0,169.5859,138.76067,139.34052,138.87405,116.849,107.749115
20,149.0,136.0,138.0,123.0,103.0,80.0,151.1028,123.39484,135.14261,131.39081,104.66999,100.47282
21,136.0,138.0,123.0,103.0,80.0,72.0,131.8057,111.9854,117.4998,112.10605,86.72341,90.09005
22,138.0,123.0,103.0,80.0,72.0,65.0,121.31703,97.52709,100.37644,97.24955,79.37935,82.68984
23,123.0,103.0,80.0,72.0,65.0,71.0,124.4966,97.22807,98.89882,106.1371,87.99108,91.93024
24,103.0,80.0,72.0,65.0,71.0,137.0,109.10545,94.02862,101.64568,104.90159,88.66107,91.884315
25,80.0,72.0,65.0,71.0,137.0,154.0,91.150665,78.574715,88.741264,95.748695,80.77314,84.86472
26,72.0,65.0,71.0,137.0,154.0,168.0,67.786804,61.733727,74.701645,82.84562,69.60298,76.43046
27,65.0,71.0,137.0,154.0,168.0,187.0,54.910954,52.646355,66.02767,74.3768,63.181248,72.45276
28,71.0,137.0,154.0,168.0,187.0,206.0,48.10576,47.60245,59.83215,71.43999,62.380524,72.9653
29,137.0,154.0,168.0,187.0,206.0,231.0,55.208942,55.60901,66.81963,79.11502,70.75557,81.291336
30,154.0,168.0,187.0,206.0,231.0,255.0,109.57041,118.7918,133.20691,149.00595,150.54471,172.45132
31,168.0,187.0,206.0,231.0,255.0,275.0,144.01422,164.8388,182.81044,218.0294,235.12201,261.35678
32,187.0,206.0,231.0,255.0,275.0,300.0,175.13182,201.80273,237.27786,284.455,305.33838,319.81235
33,206.0,231.0,255.0,275.0,300.0,332.0,200.449,240.36687,280.83783,324.59283,333.45227,345.47452
34,231.0,255.0,275.0,300.0,332.0,353.0,234.97267,275.345,300.73993,325.51703,328.7488,339.4355
35,255.0,275.0,300.0,332.0,353.0,379.0,266.1864,290.52994,287.37146,290.29874,292.8578,302.93182
36,275.0,300.0,332.0,353.0,379.0,394.0,282.02536,302.95453,302.47083,307.6079,309.52414,320.18375
37,300.0,332.0,353.0,379.0,394.0,428.0,299.02838,315.8649,317.83563,323.3812,324.0664,335.1293
38,332.0,353.0,379.0,394.0,428.0,443.0,319.6346,331.7403,334.78543,340.14554,339.0867,350.63553
39,353.0,379.0,394.0,428.0,443.0,469.0,341.6212,348.71265,351.15198,355.91373,353.5214,364.7018
40,379.0,394.0,428.0,443.0,469.0,493.0,359.57996,361.2474,362.9756,367.34714,363.6433,373.88278
41,394.0,428.0,443.0,469.0,493.0,502.0,379.58618,375.11487,376.20877,379.12234,372.8503,382.3569
42,428.0,443.0,469.0,493.0,502.0,522.0,394.768,387.313,389.83005,393.31805,386.67517,397.1217
43,443.0,469.0,493.0,502.0,522.0,541.0,419.428,410.9392,415.06778,419.6735,414.79535,428.6219
44,469.0,493.0,502.0,522.0,541.0,555.0,441.02417,432.8839,438.93546,447.3573,446.18542,462.4288
45,493.0,502.0,522.0,541.0,555.0,580.0,463.1832,452.39493,459.1341,469.27374,468.75204,484.39093
46,502.0,522.0,541.0,555.0,580.0,625.0,482.02225,466.36682,469.6626,478.15912,474.97144,487.6137
47,522.0,541.0,555.0,580.0,625.0,614.0,490.33194,469.42514,468.4166,472.18356,466.9847,476.62173
48,541.0,555.0,580.0,625.0,614.0,600.0,504.9476,481.37955,478.43964,479.25037,473.26224,483.57806
49,555.0,580.0,625.0,614.0,600.0,636.0,523.22675,498.22354,495.31592,494.96948,490.07968,502.0456
50,580.0,625.0,614.0,600.0,636.0,614.0,537.8337,512.83203,512.26556,515.06366,512.68524,525.5396
51,625.0,614.0,600.0,636.0,614.0,629.0,558.0692,530.1386,528.42865,531.34515,528.075,540.80865
52,614.0,600.0,636.0,614.0,629.0,647.0,583.5182,548.5258,541.5109,538.9173,533.61633,543.57153
53,600.0,636.0,614.0,629.0,647.0,664.0,587.42194,550.1067,543.6333,542.4527,538.2191,546.45526
54,636.0,614.0,629.0,647.0,664.0,674.0,590.2692,556.23004,555.4933,558.5652,554.55786,565.85974
55,614.0,629.0,647.0,664.0,674.0,677.0,613.84125,582.469,584.27625,584.4149,581.8595,598.4929
56,629.0,647.0,664.0,674.0,677.0,705.0,616.9965,589.5804,594.4659,600.2208,603.7526,622.01227
57,647.0,664.0,674.0,677.0,705.0,723.0,630.83765,602.5345,607.7835,615.92865,618.1603,635.1557
58,664.0,674.0,677.0,705.0,723.0,736.0,637.1828,608.22125,612.7114,617.1969,619.322,637.1075
59,674.0,677.0,705.0,723.0,736.0,758.0,651.19073,622.66565,625.8084,628.7255,633.7023,652.3683
60,677.0,705.0,723.0,736.0,758.0,761.0,665.40686,634.7297,637.98444,642.2021,648.32556,666.9429
61,705.0,723.0,736.0,758.0,761.0,784.0,669.46246,638.45166,642.9821,647.6535,653.80005,671.87933
62,723.0,736.0,758.0,761.0,784.0,789.0,684.3854,652.7045,655.512,657.6596,663.6098,682.4204
63,736.0,758.0,761.0,784.0,789.0,199.0,698.96564,664.75964,664.4541,663.23334,670.43536,689.46484
64,758.0,761.0,784.0,789.0,199.0,864.0,713.0593,673.7025,670.84424,668.4371,674.4707,690.87604
65,761.0,784.0,789.0,199.0,864.0,788.0,721.8942,677.70776,673.2883,668.7817,672.26245,686.77167
66,784.0,789.0,199.0,864.0,788.0,877.0,732.9848,688.3004,684.5159,679.0106,682.3605,698.08215
67,789.0,199.0,864.0,788.0,877.0,877.0,753.9613,708.48706,706.2393,700.17346,704.97125,723.5041
68,199.0,864.0,788.0,877.0,877.0,886.0,766.44525,722.07544,723.7299,721.20807,728.0576,748.19995
69,864.0,788.0,877.0,877.0,886.0,884.0,542.6933,536.2701,585.082,639.21454,661.8166,679.0989
70,788.0,877.0,877.0,886.0,884.0,909.0,729.2615,723.68304,753.41895,750.59467,735.53784,765.6707
71,877.0,877.0,886.0,884.0,909.0,920.0,768.1689,752.8443,753.9019,734.0821,748.83777,786.4095
72,877.0,886.0,884.0,909.0,920.0,913.0,817.84705,767.39844,756.54474,750.5558,775.8767,797.70966
73,886.0,884.0,909.0,920.0,913.0,936.0,807.1636,740.0862,734.26154,744.0122,752.1073,764.8031
74,884.0,909.0,920.0,913.0,936.0,987.0,792.57916,731.47784,739.97833,730.158,731.42993,752.03015
75,909.0,920.0,913.0,936.0,987.0,980.0,853.385,805.0092,807.8669,807.4609,821.5591,848.5161
76,920.0,913.0,936.0,987.0,980.0,426.0,866.3043,820.20026,826.859,822.89764,838.2355,868.6877
77,913.0,936.0,987.0,980.0,426.0,1018.0,890.0214,850.8401,863.4633,865.93256,887.39557,924.86066
78,936.0,987.0,980.0,426.0,1018.0,954.0,900.1454,864.2653,881.5217,888.7313,913.7919,954.88385
79,987.0,980.0,426.0,1018.0,954.0,619.0,912.5543,876.4142,895.0338,903.0459,928.282,970.85126
80,980.0,426.0,1018.0,954.0,619.0,943.0,933.5478,892.01154,905.47546,908.1321,931.51227,972.8373
81,426.0,1018.0,954.0,619.0,943.0,958.0,933.13153,886.2951,895.4381,896.82904,920.1574,958.3734
82,1018.0,954.0,619.0,943.0,958.0,381.0,747.89453,731.14105,779.035,826.8967,858.9426,892.52325
83,954.0,619.0,943.0,958.0,381.0,1053.0,887.3786,874.7438,915.76105,920.6434,919.9874,969.12286
84,619.0,943.0,958.0,381.0,1053.0,356.0,925.0965,909.0895,926.391,912.6786,942.16394,997.6853
85,943.0,958.0,381.0,1053.0,356.0,239.0,825.4005,809.5906,841.5596,877.83655,926.72906,968.77985
86,958.0,381.0,1053.0,356.0,239.0,295.0,872.8731,845.90466,883.2746,911.09546,923.0665,965.9835
87,381.0,1053.0,356.0,239.0,295.0,309.0,875.95197,848.1517,872.1615,861.83594,883.96857,932.26447
88,1053.0,356.0,239.0,295.0,309.0,820.0,721.6419,715.53033,754.80707,803.6469,851.7096,884.6832
89,356.0,239.0,295.0,309.0,820.0,969.0,853.8335,826.4543,846.4689,847.5885,840.56757,870.71387
90,239.0,295.0,309.0,820.0,969.0,816.0,661.1546,660.0131,698.52734,714.6879,745.1365,776.5362
91,295.0,309.0,820.0,969.0,816.0,945.0,542.8149,566.1456,639.5666,695.5234,729.3099,760.8045
92,309.0,820.0,969.0,816.0,945.0,927.0,490.28323,533.2982,612.86804,656.32477,665.0931,693.598
93,820.0,969.0,816.0,945.0,927.0,938.0,473.93616,518.8867,573.633,579.35956,589.00616,621.197
94,969.0,816.0,945.0,927.0,938.0,883.0,717.0448,712.2446,693.8398,659.2917,651.43176,670.8698
95,816.0,945.0,927.0,938.0,883.0,962.0,781.7099,704.00104,649.6982,586.7822,585.40137,596.25867
96,945.0,927.0,938.0,883.0,962.0,925.0,755.2515,646.8328,603.10645,568.6903,577.14764,567.71594
97,927.0,938.0,883.0,962.0,925.0,905.0,791.91406,688.9124,666.30023,648.7742,637.368,631.01526
98,938.0,883.0,962.0,925.0,905.0,893.0,835.7167,760.384,765.7616,744.3978,737.42523,755.8025
99,883.0,962.0,925.0,905.0,893.0,868.0,903.4499,852.45483,861.9787,855.9874,870.5225,904.9252
100,962.0,925.0,905.0,893.0,868.0,865.0,902.3774,859.3361,881.401,891.9204,910.8206,950.5755
101,925.0,905.0,893.0,868.0,865.0,887.0,917.54285,879.9056,908.40314,916.5844,935.451,982.139
102,905.0,893.0,868.0,865.0,887.0,268.0,924.4551,892.777,921.3372,935.44135,962.8738,1013.4483
103,893.0,868.0,865.0,887.0,268.0,866.0,913.06573,877.51666,903.5421,918.9922,944.4081,990.2719
104,868.0,865.0,887.0,268.0,866.0,592.0,904.48724,863.4097,889.2563,902.84454,920.2055,960.79126
105,865.0,887.0,268.0,866.0,592.0,850.0,887.24475,844.6356,868.202,876.5652,888.8816,924.8122
106,887.0,268.0,866.0,592.0,850.0,869.0,889.753,845.8993,868.7447,875.21356,882.87726,918.2329
107,268.0,866.0,592.0,850.0,869.0,472.0,897.78265,850.8631,875.2467,880.3308,885.1661,922.4998
108,866.0,592.0,850.0,869.0,472.0,869.0,662.83124,654.02826,726.23956,790.8692,811.31616,845.1329
109,592.0,850.0,869.0,472.0,869.0,363.0,815.9589,800.93976,857.5402,869.8272,845.75977,885.33325
110,850.0,869.0,472.0,869.0,363.0,214.0,754.31415,737.4742,778.5932,788.56915,790.6819,828.55493
111,869.0,472.0,869.0,363.0,214.0,356.0,840.2559,787.67523,811.06573,816.2127,811.8186,839.4366
112,472.0,869.0,363.0,214.0,356.0,275.0,856.40894,780.589,802.1654,815.4432,799.12,822.38086
113,869.0,363.0,214.0,356.0,275.0,713.0,685.7589,641.2769,703.9553,744.76227,741.80176,765.7763
114,363.0,214.0,356.0,275.0,713.0,211.0,853.9044,817.86743,878.9169,911.47705,889.8258,933.29645
115,214.0,356.0,275.0,713.0,211.0,166.0,658.24945,647.1545,724.08606,773.51874,782.4848,822.8692
116,356.0,275.0,713.0,211.0,166.0,150.0,515.2424,534.04755,649.03235,738.589,751.3828,794.22675
117,275.0,713.0,211.0,166.0,150.0,162.0,496.6172,513.6287,600.7203,646.9483,626.79,661.1557
118,713.0,211.0,166.0,150.0,162.0,163.0,421.89243,417.42603,463.35217,476.4436,463.34763,479.22055
119,211.0,166.0,150.0,162.0,163.0,195.0,610.73395,543.8272,539.8266,525.4224,487.32562,487.67282
120,166.0,150.0,162.0,163.0,195.0,164.0,380.7824,317.2481,327.9868,343.01825,320.72095,302.74927
121,150.0,162.0,163.0,195.0,164.0,220.0,276.49625,232.17744,286.51602,307.8658,271.7385,256.85583
122,162.0,163.0,195.0,164.0,220.0,266.0,224.8864,212.12726,263.326,273.4398,231.91718,229.98148
123,163.0,195.0,164.0,220.0,266.0,330.0,210.21683,191.34407,218.90407,211.45488,183.60037,181.50151
124,195.0,164.0,220.0,266.0,330.0,333.0,214.89554,171.8204,185.93541,196.82869,171.20697,165.77425
125,164.0,220.0,266.0,330.0,333.0,276.0,207.15407,170.44176,187.5646,182.4884,157.68379,152.72197
126,220.0,266.0,330.0,333.0,276.0,556.0,193.32278,158.73773,176.26549,173.36324,149.83371,143.27538
127,266.0,330.0,333.0,276.0,556.0,300.0,211.64247,173.59636,185.83665,174.43047,146.4626,137.87462
128,330.0,333.0,276.0,556.0,300.0,391.0,241.39627,196.5809,197.63055,179.0949,147.02112,136.58495
129,333.0,276.0,556.0,300.0,391.0,543.0,282.0676,223.90211,217.61281,193.44536,158.55405,145.1983
130,276.0,556.0,300.0,391.0,543.0,325.0,293.34525,228.34203,221.86908,202.89008,166.19742,148.98402
131,556.0,300.0,391.0,543.0,325.0,257.0,267.63248,207.92265,212.6971,201.19606,161.85976,142.9558
132,300.0,391.0,543.0,325.0,257.0,217.0,411.77594,330.9693,315.46063,277.85178,223.80438,209.26257
133,391.0,543.0,325.0,257.0,217.0,404.0,319.52646,253.61496,250.94498,250.44739,216.74266,198.9416
134,543.0,325.0,257.0,217.0,404.0,177.0,362.14798,292.28415,305.61423,303.28378,257.81775,246.1876
135,325.0,257.0,217.0,404.0,177.0,152.0,446.31802,368.62936,358.36493,334.6484,278.7471,273.3839
136,257.0,217.0,404.0,177.0,152.0,90.0,344.8936,272.34512,268.5127,267.91193,231.08424,209.97612
137,217.0,404.0,177.0,152.0,90.0,68.0,294.26746,223.38327,239.27167,257.01953,201.11626,184.58028
138,404.0,177.0,152.0,90.0,68.0,50.0,222.45898,172.16313,187.04887,173.50009,114.912254,106.88233
139,177.0,152.0,90.0,68.0,50.0,28.0,333.337,250.69061,226.33208,190.13177,135.71883,124.311035
140,152.0,90.0,68.0,50.0,28.0,12.0,200.95793,121.82934,112.51595,134.10062,94.89087,75.936386
141,90.0,68.0,50.0,28.0,12.0,7.0,140.89041,80.30839,103.90129,115.40326,68.712456,55.741554
142,68.0,50.0,28.0,12.0,7.0,6.0,62.690746,27.038847,47.20265,48.727055,2.4084692,2.0
143,50.0,28.0,12.0,7.0,6.0,6.0,9.927445,2.0,2.0,2.0,2.0,2.0
144,28.0,12.0,7.0,6.0,6.0,38.0,2.0,2.0,2.0,2.0,2.0,2.0
145,12.0,7.0,6.0,6.0,38.0,37.0,2.0,2.0,2.0,2.0,2.0,2.0
146,7.0,6.0,6.0,38.0,37.0,43.0,2.0,2.0,2.0,2.0,2.0,2.0
147,6.0,6.0,38.0,37.0,43.0,50.0,2.0,2.0,2.0,3.2076824,2.0,8.923855
148,6.0,38.0,37.0,43.0,50.0,70.0,2.0,2.0,2.0,16.72227,12.003538,24.91394
149,38.0,37.0,43.0,50.0,70.0,74.0,2.0,2.0,5.290011,28.147034,24.91154,37.17872
150,37.0,43.0,50.0,70.0,74.0,82.0,2.0,6.9442415,46.457317,79.144035,89.61892,115.77397
151,43.0,50.0,70.0,74.0,82.0,106.0,2.0,31.07837,74.81409,126.65067,154.4342,188.02882
152,50.0,70.0,74.0,82.0,106.0,114.0,10.118436,51.82284,109.070404,172.41794,206.0896,223.4925
153,70.0,74.0,82.0,106.0,114.0,123.0,24.042942,77.01426,138.73509,200.49527,221.11087,227.68042
154,74.0,82.0,106.0,114.0,123.0,121.0,62.027122,119.004845,160.58209,197.13763,207.591,209.51614
155,82.0,106.0,114.0,123.0,121.0,130.0,86.05979,133.72717,139.0809,146.84073,158.17075,161.60297
156,106.0,114.0,123.0,121.0,130.0,129.0,94.81457,141.32709,148.72589,156.18683,168.5155,172.93648
157,114.0,123.0,121.0,130.0,129.0,116.0,114.88119,160.2459,166.45338,172.26059,183.93564,189.34561
158,123.0,121.0,130.0,129.0,116.0,118.0,130.36256,173.09894,179.01776,184.83505,196.10855,202.00142
159,121.0,130.0,129.0,116.0,118.0,134.0,142.51042,181.22818,188.14691,195.75136,206.88052,213.09192
160,130.0,129.0,116.0,118.0,134.0,137.0,145.01399,183.41222,192.24004,200.95445,212.79202,220.11037
161,129.0,116.0,118.0,134.0,137.0,152.0,152.62456,189.92424,200.6411,209.59424,221.76039,230.5063
162,116.0,118.0,134.0,137.0,152.0,166.0,157.42432,193.56476,205.58542,217.27765,230.459,240.06326
163,118.0,134.0,137.0,152.0,166.0,171.0,150.6251,186.26288,201.86171,216.68692,231.6899,241.66785
164,134.0,137.0,152.0,166.0,171.0,163.0,150.80927,186.65692,203.43356,218.30362,233.21866,243.53796
165,137.0,152.0,166.0,171.0,163.0,184.0,163.71802,199.15335,213.33067,224.94327,238.62708,249.06465
166,152.0,166.0,171.0,163.0,184.0,210.0,175.57953,209.14104,221.89569,232.9261,247.16331,257.87982
167,166.0,171.0,163.0,184.0,210.0,224.0,185.29945,217.43623,230.37442,241.4182,257.10727,268.3198
168,171.0,163.0,184.0,210.0,224.0,265.0,197.66801,229.36395,241.35979,250.79425,266.5159,277.24426
169,163.0,184.0,210.0,224.0,265.0,266.0,210.45506,239.67595,251.00587,259.34354,273.36392,283.195
170,184.0,210.0,224.0,265.0,266.0,264.0,212.21216,239.91003,251.8045,261.26117,274.9625,284.56964
171,210.0,224.0,265.0,266.0,264.0,287.0,225.3148,252.06735,262.19012,268.32318,281.33728,291.24948
172,224.0,265.0,266.0,264.0,287.0,300.0,248.64497,273.81085,281.56577,285.23636,297.494,307.81912
173,265.0,266.0,264.0,287.0,300.0,303.0,268.51544,290.1421,298.3112,302.82333,315.27228,325.60077
174,266.0,264.0,287.0,300.0,303.0,307.0,302.00882,320.13107,326.56128,328.78912,339.56854,349.10022
175,264.0,287.0,300.0,303.0,307.0,346.0,316.17145,332.08875,339.142,342.4008,353.62622,362.9957
176,287.0,300.0,303.0,307.0,346.0,357.0,319.69104,334.06958,345.35446,351.90912,363.86206,373.06586
177,300.0,303.0,307.0,346.0,357.0,348.0,335.75342,350.4644,362.52893,368.4417,378.9643,389.09882
178,303.0,307.0,346.0,357.0,348.0,318.0,353.1262,367.11856,379.35724,384.65155,395.2753,407.4084
179,307.0,346.0,357.0,348.0,318.0,319.0,362.38678,374.49753,387.62686,395.9942,408.95856,421.52835
180,346.0,357.0,348.0,318.0,319.0,337.0,368.33264,380.199,394.08368,403.082,416.1406,427.9611
181,357.0,348.0,318.0,319.0,337.0,389.0,390.21234,400.0488,410.25327,414.1648,423.99097,435.11838
182,348.0,318.0,319.0,337.0,389.0,549.0,412.15942,417.16254,422.21335,422.5703,430.62527,440.2357
183,318.0,319.0,337.0,389.0,549.0,962.0,413.6973,415.35324,421.037,422.6244,432.00354,440.46683
184,319.0,337.0,389.0,549.0,962.0,641.0,400.857,404.46634,415.58252,421.32843,431.67413,439.93124
185,337.0,389.0,549.0,962.0,641.0,369.0,400.58618,407.47525,422.72046,428.3785,437.0681,445.90268
186,389.0,549.0,962.0,641.0,369.0,338.0,409.87747,418.42822,432.88065,436.90472,445.1425,455.58023
187,549.0,962.0,641.0,369.0,338.0,326.0,440.72348,445.7261,454.10727,452.90094,460.69922,472.1269
188,962.0,641.0,369.0,338.0,326.0,324.0,524.856,516.81885,509.18134,493.0173,496.93796,507.9386
189,641.0,369.0,338.0,326.0,324.0,459.0,700.519,652.6256,608.75745,560.61816,556.9173,565.522
190,369.0,338.0,326.0,324.0,459.0,400.0,647.698,578.18005,537.9745,516.06,530.3159,521.61786
191,338.0,326.0,324.0,459.0,400.0,490.0,529.3613,475.7078,479.14246,498.2844,500.78952,485.00388
192,326.0,324.0,459.0,400.0,490.0,973.0,477.63342,467.78094,511.03714,526.10815,513.83344,518.7771
193,324.0,459.0,400.0,490.0,973.0,511.0,474.57416,501.90234,547.39154,550.52106,555.572,579.80035
194,459.0,400.0,490.0,973.0,511.0,515.0,478.446,507.046,542.39496,561.40845,580.8624,608.50836
195,400.0,490.0,973.0,511.0,515.0,401.0,510.18765,523.1561,546.23456,555.0987,570.3195,594.4864
196,490.0,973.0,511.0,515.0,401.0,402.0,496.24576,504.06256,529.01074,543.3585,565.5612,589.56274
197,973.0,511.0,515.0,401.0,402.0,308.0,530.6129,531.96533,551.09106,560.0967,579.10724,597.90424
198,511.0,515.0,401.0,402.0,308.0,299.0,721.83014,695.55347,665.9993,628.62524,629.38586,644.8192
199,515.0,401.0,402.0,308.0,299.0,699.0,636.73456,590.49744,564.94434,550.0575,573.5417,576.91394
200,401.0,402.0,308.0,299.0,699.0,407.0,613.5423,564.1497,561.8173,566.1158,573.0349,564.88556
201,402.0,308.0,299.0,699.0,407.0,1191.0,551.35223,538.62024,567.4345,574.3237,573.5134,577.3285
202,308.0,299.0,699.0,407.0,1191.0,457.0,552.38654,568.7336,606.6037,606.0555,614.81915,635.4637
203,299.0,699.0,407.0,1191.0,457.0,1199.0,522.89124,547.44543,588.0852,610.58075,630.7218,654.3904
204,699.0,407.0,1191.0,457.0,1199.0,1110.0,461.88504,485.37506,532.6214,553.51935,572.1503,595.74426
205,407.0,1191.0,457.0,1199.0,1110.0,1076.0,630.3366,641.6393,647.2731,630.5164,630.71783,652.288
206,1191.0,457.0,1199.0,1110.0,1076.0,1119.0,579.8102,567.97455,570.53046,565.40564,583.21466,603.1827
207,457.0,1199.0,1110.0,1076.0,1119.0,773.0,814.0658,751.5765,708.3794,655.5076,649.1886,658.8671
208,1199.0,1110.0,1076.0,1119.0,773.0,1127.0,654.5359,594.41833,569.47363,561.8937,583.49506,579.54675
209,1110.0,1076.0,1119.0,773.0,1127.0,826.0,840.0571,752.4412,726.3017,687.8594,671.93286,676.83405
210,1076.0,1119.0,773.0,1127.0,826.0,426.0,904.82275,815.68536,777.0086,731.2197,735.9132,746.0562
211,1119.0,773.0,1127.0,826.0,426.0,564.0,930.0661,832.33276,799.69037,763.8646,776.9144,789.0824
212,773.0,1127.0,826.0,426.0,564.0,644.0,987.5984,892.0508,877.1529,874.93585,881.3656,899.7956
213,1127.0,826.0,426.0,564.0,644.0,345.0,876.2907,823.69006,857.0905,867.0491,884.0228,918.3797
214,826.0,426.0,564.0,644.0,345.0,426.0,1034.2322,1013.6357,1054.0663,1065.3365,1089.9882,1157.0568
215,426.0,564.0,644.0,345.0,426.0,366.0,968.3622,958.3826,1005.55066,1029.7312,1076.2545,1141.4205
216,564.0,644.0,345.0,426.0,366.0,350.0,789.6903,803.63293,885.96545,959.68054,1005.5493,1061.7848
217,644.0,345.0,426.0,366.0,350.0,551.0,752.9513,779.5508,875.06323,930.1962,941.4463,998.82666
218,345.0,426.0,366.0,350.0,551.0,491.0,760.3788,789.3041,851.30176,860.63837,876.63635,933.56903
219,426.0,366.0,350.0,551.0,491.0,458.0,659.2372,680.05225,743.1051,789.6474,824.4904,869.89386
220,366.0,350.0,551.0,491.0,458.0,417.0,590.95264,596.75543,661.33905,703.1657,711.03033,738.15857
221,350.0,551.0,491.0,458.0,417.0,488.0,533.35913,542.9672,598.5697,618.0843,616.3995,639.8934
222,551.0,491.0,458.0,417.0,488.0,484.0,520.6148,523.79,565.70105,576.3693,575.8649,593.0895
223,491.0,458.0,417.0,488.0,484.0,537.0,591.0373,571.8288,585.3739,573.69653,558.6511,567.78284
224,458.0,417.0,488.0,484.0,537.0,482.0,577.83856,540.4574,547.34705,530.1866,517.3818,523.75226
225,417.0,488.0,484.0,537.0,482.0,427.0,560.8613,517.4908,534.1351,530.70264,520.179,522.32336
226,488.0,484.0,537.0,482.0,427.0,457.0,528.813,500.13608,532.5526,539.5111,526.0196,532.8783
227,484.0,537.0,482.0,427.0,457.0,417.0,564.2788,543.3077,576.88495,575.173,560.6449,575.919
228,537.0,482.0,427.0,457.0,417.0,1013.0,582.2935,560.50775,588.43256,592.2225,585.97,601.7432
229,482.0,427.0,457.0,417.0,1013.0,1013.0,598.986,565.57837,587.9364,588.0235,577.5799,588.0941
230,427.0,457.0,417.0,1013.0,1013.0,693.0,576.67035,537.583,558.98895,561.06793,546.7205,551.11145
231,457.0,417.0,1013.0,1013.0,693.0,371.0,541.27966,503.2237,529.8956,532.36884,512.8903,514.1727
232,417.0,1013.0,1013.0,693.0,371.0,328.0,542.228,509.6466,537.422,537.05524,513.48505,517.90686
233,1013.0,1013.0,693.0,371.0,328.0,303.0,525.3975,496.1065,525.1419,525.34,505.61856,513.5418
234,1013.0,693.0,371.0,328.0,303.0,351.0,755.39435,686.7011,672.6606,632.267,599.24536,611.6118
235,693.0,371.0,328.0,303.0,351.0,291.0,807.00006,698.32697,660.43744,624.2396,612.541,616.4277
236,371.0,328.0,303.0,351.0,291.0,278.0,723.58,617.42145,610.4324,621.5072,611.7136,600.4246
237,328.0,303.0,351.0,291.0,278.0,263.0,580.57874,525.727,582.5167,630.9819,602.0256,608.1003
238,303.0,351.0,291.0,278.0,263.0,403.0,524.1665,527.6438,618.25433,647.8461,625.0612,661.05225
239,351.0,291.0,278.0,263.0,403.0,271.0,511.8439,544.3039,619.26117,656.408,660.74207,705.4071
240,291.0,278.0,263.0,403.0,271.0,293.0,478.3793,481.0447,526.81506,558.5275,556.1857,583.31274
241,278.0,263.0,403.0,271.0,293.0,337.0,396.87717,372.958,404.75195,429.57648,417.38474,426.91302
242,263.0,403.0,271.0,293.0,337.0,294.0,341.1847,312.08517,339.5564,350.42566,330.7296,330.29996
243,403.0,271.0,293.0,337.0,294.0,298.0,312.85693,284.11218,303.3321,304.64758,279.54218,275.38885
244,271.0,293.0,337.0,294.0,298.0,288.0,375.62796,334.65604,334.47647,313.18893,281.43112,276.57266
245,293.0,337.0,294.0,298.0,288.0,300.0,331.52454,289.32266,292.50128,288.09085,267.12323,260.5729
246,337.0,294.0,298.0,288.0,300.0,359.0,319.268,280.46063,296.5982,295.78113,272.49786,266.47314
247,294.0,298.0,288.0,300.0,359.0,435.0,336.2265,302.54953,311.96957,303.44916,274.61597,271.26227
248,298.0,288.0,300.0,359.0,435.0,362.0,323.80826,283.94073,288.66968,279.15585,252.15343,244.62001
249,288.0,300.0,359.0,435.0,362.0,242.0,318.38434,270.33044,272.1459,265.68686,234.0395,221.43884
250,300.0,359.0,435.0,362.0,242.0,190.0,298.40646,254.0835,256.4127,242.35721,206.89622,194.98875
251,359.0,435.0,362.0,242.0,190.0,171.0,300.4162,253.42108,254.23679,239.00786,203.94382,193.9338
252,435.0,362.0,242.0,190.0,171.0,180.0,336.7938,279.6906,273.35336,255.09279,216.90422,206.4969
253,362.0,242.0,190.0,171.0,180.0,156.0,380.65756,307.94473,293.00708,269.33072,225.99648,210.56801
254,242.0,190.0,171.0,180.0,156.0,128.0,346.64017,269.37143,258.6824,245.18253,199.20924,174.95255
255,190.0,171.0,180.0,156.0,128.0,110.0,268.73596,203.55615,211.98978,207.4042,154.67003,131.6978
256,171.0,180.0,156.0,128.0,110.0,90.0,212.46812,161.64864,179.8754,171.12526,116.69011,105.39666
257,180.0,156.0,128.0,110.0,90.0,89.0,170.45609,122.44749,133.48198,125.90938,82.94752,77.68435
258,156.0,128.0,110.0,90.0,89.0,106.0,161.07092,102.276855,103.290985,104.12129,67.26576,61.199413
259,128.0,110.0,90.0,89.0,106.0,113.0,136.31973,79.50862,84.64782,93.263115,60.163048,55.416122
260,110.0,90.0,89.0,106.0,113.0,192.0,106.36269,62.6745,76.302284,84.600334,55.518223,53.62641
261,90.0,89.0,106.0,113.0,192.0,175.0,80.323975,47.16962,62.86205,68.61602,42.503784,44.38458
262,89.0,106.0,113.0,192.0,175.0,154.0,59.92485,32.07023,46.720078,52.22609,29.697372,34.130497
263,106.0,113.0,192.0,175.0,154.0,92.0,57.56481,29.98215,41.71444,49.036568,29.163021,35.232304
264,113.0,192.0,175.0,154.0,92.0,66.0,73.594955,47.986385,55.835243,60.503,41.36354,47.159424
265,192.0,175.0,154.0,92.0,66.0,72.0,83.81879,59.258766,66.773285,71.164536,51.916435,55.043293
266,175.0,154.0,92.0,66.0,72.0,72.0,147.39125,111.81745,109.7341,101.2373,74.06621,73.336754
267,154.0,92.0,66.0,72.0,72.0,79.0,138.74236,99.62066,95.74202,92.216545,64.37996,56.555763
268,92.0,66.0,72.0,72.0,79.0,94.0,124.5859,83.3777,89.77589,87.131,53.16197,44.229668
269,66.0,72.0,72.0,79.0,94.0,100.0,70.500854,43.861935,62.150215,66.09806,29.092329,29.838236
270,72.0,72.0,79.0,94.0,100.0,117.0,30.751776,31.41863,74.852135,92.43471,81.711044,115.293846
271,72.0,79.0,94.0,100.0,117.0,135.0,59.956516,71.46362,110.57954,160.52257,178.79256,237.74223
272,79.0,94.0,100.0,117.0,135.0,158.0,86.5735,107.67333,155.31157,237.4012,275.2744,316.5779
273,94.0,100.0,117.0,135.0,158.0,167.0,96.4992,132.12573,192.22893,285.1447,311.45676,331.75815
274,100.0,117.0,135.0,158.0,167.0,185.0,110.18094,160.30118,205.51695,264.35892,276.68747,286.05386
275,117.0,135.0,158.0,167.0,185.0,193.0,121.28605,165.91174,175.17302,188.82726,200.90962,208.61476
276,135.0,158.0,167.0,185.0,193.0,194.0,137.18762,179.51097,187.95927,199.6236,210.95857,218.62335
277,158.0,167.0,185.0,193.0,194.0,207.0,155.59393,196.63081,203.85083,213.17633,223.85852,231.86198
278,167.0,185.0,193.0,194.0,207.0,206.0,177.65097,215.50053,221.83992,229.68735,239.76186,247.92377
279,185.0,193.0,194.0,207.0,206.0,221.0,191.10536,226.05896,232.79343,241.97241,252.28737,260.67203
280,193.0,194.0,207.0,206.0,221.0,236.0,204.86475,237.598,245.48924,254.07947,264.215,273.56503
281,194.0,207.0,206.0,221.0,236.0,201.0,219.78001,250.16235,258.1113,266.99127,276.5378,286.55453
282,207.0,206.0,221.0,236.0,201.0,175.0,228.01682,255.93394,265.4789,275.57852,284.93814,294.6564
283,206.0,221.0,236.0,201.0,175.0,145.0,238.53972,264.66663,274.31885,284.07693,292.1206,302.03058
284,221.0,236.0,201.0,175.0,145.0,121.0,245.34991,270.24408,280.21506,289.319,296.89987,306.98294
285,236.0,201.0,175.0,145.0,121.0,124.0,258.10522,280.53745,290.6703,298.8747,306.2322,316.94476
286,201.0,175.0,145.0,121.0,124.0,148.0,272.0025,293.3211,304.01654,313.05594,320.7238,332.25925
287,175.0,145.0,121.0,124.0,148.0,140.0,258.50708,280.62997,297.15958,311.90637,322.9733,334.95285
288,145.0,121.0,124.0,148.0,140.0,158.0,237.386,262.3165,286.1369,306.14044,319.3147,332.91238
289,121.0,124.0,148.0,140.0,158.0,176.0,212.47379,242.33215,270.10468,292.62354,307.7538,323.0411
290,124.0,148.0,140.0,158.0,176.0,142.0,190.65744,222.33173,250.75925,273.7845,291.1175,306.69443
291,148.0,140.0,158.0,176.0,142.0,149.0,183.96233,216.55817,242.33496,263.95966,281.9393,297.41867
292,140.0,158.0,176.0,142.0,149.0,149.0,197.65009,230.28207,250.14116,265.44955,282.65067,298.01865
293,158.0,176.0,142.0,149.0,149.0,151.0,203.75375,235.03702,253.03163,267.3369,285.99402,301.35333
294,176.0,142.0,149.0,149.0,151.0,167.0,214.16798,245.02238,262.97333,275.61334,295.05865,310.34134
295,142.0,149.0,149.0,151.0,167.0,138.0,231.32265,263.125,278.419,288.37772,307.52222,322.77786
296,149.0,149.0,151.0,167.0,138.0,145.0,220.73497,251.91338,270.7369,284.7997,306.7454,322.45743
297,149.0,151.0,167.0,138.0,145.0,182.0,217.3224,249.24042,270.77237,286.22385,309.0935,324.35242
298,151.0,167.0,138.0,145.0,182.0,187.0,215.23958,250.24765,271.51144,286.68225,309.8943,326.36255
299,167.0,138.0,145.0,182.0,187.0,302.0,221.03447,254.71063,275.2425,289.19504,312.62027,329.8511
300,138.0,145.0,182.0,187.0,302.0,940.0,233.7584,267.13824,285.65118,298.9206,323.26303,340.71466
301,145.0,182.0,187.0,302.0,940.0,364.0,221.06284,255.6825,277.48886,294.3475,322.13724,341.31454
302,182.0,187.0,302.0,940.0,364.0,337.0,215.71007,251.22008,274.8958,292.51413,322.1248,340.9265
303,187.0,302.0,940.0,364.0,337.0,299.0,234.86241,272.43573,291.60538,304.99335,332.98648,352.43958
304,302.0,940.0,364.0,337.0,299.0,316.0,253.35796,289.20804,305.75574,317.601,345.94196,367.48145
305,940.0,364.0,337.0,299.0,316.0,211.0,324.3368,355.73288,359.99237,360.08224,384.7541,405.60208
306,364.0,337.0,299.0,316.0,211.0,179.0,639.7637,644.5474,584.52985,526.148,524.0253,544.21985
307,337.0,299.0,316.0,211.0,179.0,164.0,528.5617,499.40237,455.4277,439.37332,473.65372,484.53577
308,299.0,316.0,211.0,179.0,164.0,154.0,451.3102,419.97025,418.34613,434.7641,460.9496,453.28433
309,316.0,211.0,179.0,164.0,154.0,157.0,400.06348,414.10123,441.3489,457.84064,465.55594,470.53473
310,211.0,179.0,164.0,154.0,157.0,184.0,424.17142,455.3993,484.9067,480.76822,492.94797,513.0263
311,179.0,164.0,154.0,157.0,184.0,233.0,394.32465,421.34256,444.2195,467.55862,493.33945,509.5569
312,164.0,154.0,157.0,184.0,233.0,335.0,312.04822,340.11475,375.91525,399.3987,424.82965,440.27637
313,154.0,157.0,184.0,233.0,335.0,417.0,278.5401,315.26352,352.4432,376.43405,402.20737,419.09116
314,157.0,184.0,233.0,335.0,417.0,361.0,262.83743,301.66956,336.49475,356.21683,382.69495,402.1808
315,184.0,233.0,335.0,417.0,361.0,353.0,260.87933,298.72482,328.4257,346.05966,374.70078,394.787
316,233.0,335.0,417.0,361.0,353.0,334.0,274.1908,312.30542,336.98672,349.28647,377.29828,399.04572
317,335.0,417.0,361.0,353.0,334.0,933.0,315.07513,351.46378,367.91058,372.8494,398.81577,422.5404
318,417.0,361.0,353.0,334.0,933.0,962.0,388.46854,418.8957,423.3508,417.98178,441.85025,468.13113
319,361.0,353.0,334.0,933.0,962.0,1053.0,461.91818,482.00647,476.58896,465.35745,490.4471,517.53674
320,353.0,334.0,933.0,962.0,1053.0,1018.0,464.854,475.79584,477.36353,477.1983,508.77838,532.71826
321,334.0,933.0,962.0,1053.0,1018.0,915.0,451.78604,464.18613,476.88504,486.63034,516.69666,534.8631
322,933.0,962.0,1053.0,1018.0,915.0,947.0,439.28323,459.355,478.70642,490.1072,515.567,533.2964
323,962.0,1053.0,1018.0,915.0,947.0,918.0,693.4047,696.61584,663.80786,618.05023,617.4996,636.4728
324,1053.0,1018.0,915.0,947.0,918.0,998.0,793.5322,741.49567,675.3919,613.2952,629.8465,648.7152
325,1018.0,915.0,947.0,918.0,998.0,998.0,829.1982,721.67035,645.00275,590.8242,612.02344,605.4801
326,915.0,947.0,918.0,998.0,998.0,951.0,811.923,689.93744,621.499,583.98175,588.4618,566.1561
327,947.0,918.0,998.0,998.0,951.0,959.0,799.59753,699.23627,665.95184,630.26666,625.13556,617.629
328,918.0,998.0,998.0,951.0,959.0,923.0,858.6701,798.0962,784.07007,759.7559,770.65857,789.8786
329,998.0,998.0,951.0,959.0,923.0,970.0,882.5006,848.8323,853.0084,839.1595,867.72095,907.43854
330,998.0,951.0,959.0,923.0,970.0,538.0,922.7964,893.70184,899.99365,895.03375,930.85205,976.86646
331,951.0,959.0,923.0,970.0,538.0,1000.0,920.6249,878.8811,878.54004,875.29486,907.38245,944.77106
332,959.0,923.0,970.0,538.0,1000.0,633.0,894.05865,842.88245,837.8074,831.7755,857.10187,885.2429
333,923.0,970.0,538.0,1000.0,633.0,335.0,894.3225,842.9318,840.9763,831.6566,851.9825,881.6404
334,970.0,538.0,1000.0,633.0,335.0,326.0,891.09875,846.88153,850.64856,842.0982,865.0581,899.2291
335,538.0,1000.0,633.0,335.0,326.0,282.0,912.12177,868.26025,871.25543,862.6257,884.65283,920.3012
336,1000.0,633.0,335.0,326.0,282.0,341.0,774.22034,752.74316,784.3205,811.7141,841.5002,872.21094
337,633.0,335.0,326.0,282.0,341.0,295.0,876.887,851.5938,873.86115,868.1658,870.3913,909.6452
338,335.0,326.0,282.0,341.0,295.0,278.0,799.9367,782.46344,806.7806,810.0185,834.8109,871.03595
339,326.0,282.0,341.0,295.0,278.0,941.0,646.12103,643.8718,699.27716,744.9739,769.34686,796.24805
340,282.0,341.0,295.0,278.0,941.0,959.0,555.64136,573.8685,652.6071,697.9799,697.9518,725.7172
341,341.0,295.0,278.0,941.0,959.0,885.0,481.94324,521.699,594.8593,614.17017,621.21875,656.84
342,295.0,278.0,941.0,959.0,885.0,445.0,507.77997,538.57306,587.542,609.7206,622.9252,654.5565
343,278.0,941.0,959.0,885.0,445.0,274.0,451.4767,460.2017,498.58176,518.33575,527.6453,547.89404
344,941.0,959.0,885.0,445.0,274.0,296.0,408.39496,414.05676,454.1423,471.25684,478.9025,495.15567
345,959.0,885.0,445.0,274.0,296.0,215.0,676.97186,652.5061,629.34814,583.6944,565.0035,579.89526
346,885.0,445.0,274.0,296.0,215.0,153.0,757.24225,672.5093,614.01575,552.5052,552.81415,562.04016
347,445.0,274.0,296.0,215.0,153.0,216.0,754.6508,632.3318,578.9336,544.64795,548.92804,530.5356
348,274.0,296.0,215.0,153.0,216.0,179.0,595.3191,514.14453,514.3016,533.962,523.4167,502.51
349,296.0,215.0,153.0,216.0,179.0,161.0,494.56714,480.22772,547.6661,572.75226,554.84406,569.17163
350,215.0,153.0,216.0,179.0,161.0,198.0,494.57565,534.265,604.9436,625.6717,629.0352,665.61597
351,153.0,216.0,179.0,161.0,198.0,208.0,424.9573,464.39523,517.0228,540.5734,554.8925,585.11285
352,216.0,179.0,161.0,198.0,208.0,221.0,337.64435,355.7338,402.39862,434.96173,443.8766,460.16498
353,179.0,161.0,198.0,208.0,221.0,205.0,309.413,321.59805,356.5089,369.5792,369.53232,380.32748
354,161.0,198.0,208.0,221.0,205.0,218.0,291.40552,301.92923,328.81946,335.04037,336.29565,348.23956
355,198.0,208.0,221.0,205.0,218.0,206.0,273.70297,278.39413,303.31003,310.18652,313.67123,323.0403
356,208.0,221.0,205.0,218.0,206.0,355.0,274.48,280.2074,298.3137,298.4171,298.3919,306.08347
357,221.0,205.0,218.0,206.0,355.0,181.0,285.482,287.7692,298.36597,290.55963,287.3597,295.03345
358,205.0,218.0,206.0,355.0,181.0,319.0,297.33002,290.80008,295.76672,285.506,281.3698,285.82663
359,218.0,206.0,355.0,181.0,319.0,514.0,285.8229,276.6562,282.5169,273.62073,267.87473,268.7092
360,206.0,355.0,181.0,319.0,514.0,155.0,282.38135,271.27615,277.53223,266.11343,256.05887,255.09361
361,355.0,181.0,319.0,514.0,155.0,178.0,273.82812,261.50543,267.33322,256.4872,245.18987,243.74962
362,181.0,319.0,514.0,155.0,178.0,144.0,346.54105,322.78516,316.17453,289.94455,270.83795,268.80362
363,319.0,514.0,155.0,178.0,144.0,126.0,283.84335,259.51382,262.53665,257.5143,246.58344,241.68253
364,514.0,155.0,178.0,144.0,126.0,129.0,321.14798,290.3357,296.36002,280.88373,259.77734,252.71075
365,155.0,178.0,144.0,126.0,129.0,101.0,427.68747,381.71094,359.7082,321.29178,288.17203,281.03668
366,178.0,144.0,126.0,129.0,101.0,80.0,287.8778,242.29802,242.44713,241.59943,223.86284,205.17387
367,144.0,126.0,129.0,101.0,80.0,62.0,234.36688,196.6525,221.15475,226.99594,194.96207,177.8996
368,126.0,129.0,101.0,80.0,62.0,52.0,178.47635,166.70729,188.37798,176.62582,141.9632,138.44205
369,129.0,101.0,80.0,62.0,52.0,46.0,162.63818,141.21329,150.39267,140.05885,119.93135,117.711754
370,101.0,80.0,62.0,52.0,46.0,39.0,157.69371,127.48842,135.19063,141.09586,122.79164,122.35506
371,80.0,62.0,52.0,46.0,39.0,31.0,126.411644,112.630356,130.96303,132.97656,119.95246,122.71686
372,62.0,52.0,46.0,39.0,31.0,27.0,106.246086,94.16149,112.938774,117.326126,106.92522,109.76108
373,52.0,46.0,39.0,31.0,27.0,19.0,81.93053,76.812805,96.766335,101.32979,93.08015,97.58429
374,46.0,39.0,31.0,27.0,19.0,20.0,66.48873,65.32628,84.02866,87.66512,81.857506,88.43067
375,39.0,31.0,27.0,19.0,20.0,22.0,59.921318,60.24893,76.356255,79.88081,76.2522,83.86266
376,31.0,27.0,19.0,20.0,22.0,17.0,53.637283,57.153255,73.833374,77.95828,75.84029,83.61981
377,27.0,19.0,20.0,22.0,17.0,14.0,44.04916,50.81297,68.347,73.12799,72.026924,79.7442
378,19.0,20.0,22.0,17.0,14.0,11.0,34.470924,44.523197,61.986378,65.89359,65.723366,73.59999
379,20.0,22.0,17.0,14.0,11.0,7.0,23.918318,36.51824,54.183098,58.652046,59.736385,68.37664
380,22.0,17.0,14.0,11.0,7.0,5.0,21.128778,35.56078,53.589684,58.657116,60.37682,69.46595
381,17.0,14.0,11.0,7.0,5.0,3.0,22.097034,38.195156,55.62847,61.011745,62.807606,71.49896
382,14.0,11.0,7.0,5.0,3.0,2.0,17.5542,35.684593,54.698524,61.679504,63.827038,71.905914
383,11.0,7.0,5.0,3.0,2.0,2.0,10.842842,31.298544,51.681335,59.50443,61.872757,69.91413
384,7.0,5.0,3.0,2.0,2.0,75.0,2.0,24.718132,45.830353,54.287365,57.081562,65.52544
385,5.0,3.0,2.0,2.0,75.0,88.0,2.0,18.978655,40.700176,50.525593,53.67974,62.875526
386,3.0,2.0,2.0,75.0,88.0,98.0,2.0,14.8873825,37.435425,49.53783,53.393417,63.4426
387,2.0,2.0,75.0,88.0,98.0,117.0,2.0,10.934322,34.244297,48.07952,52.774082,62.920555
388,2.0,75.0,88.0,98.0,117.0,111.0,2.0,2.0,25.716393,42.63042,48.50974,58.683445
389,75.0,88.0,98.0,117.0,111.0,88.0,2.0,2.0,26.274508,43.08637,48.73414,58.822693
390,88.0,98.0,117.0,111.0,88.0,92.0,39.828056,75.17934,95.434525,108.80269,117.7017,135.22183
391,98.0,117.0,111.0,88.0,92.0,122.0,70.348366,109.570404,129.79837,161.31555,183.7544,201.64638
392,117.0,111.0,88.0,92.0,122.0,191.0,88.28424,129.82863,169.95041,212.34352,240.54735,246.44003
393,111.0,88.0,92.0,122.0,191.0,222.0,109.46152,165.18568,209.8807,249.28342,267.30502,273.68137
394,88.0,92.0,122.0,191.0,222.0,214.0,123.88757,181.45186,215.62271,243.96994,258.60336,267.55368
395,92.0,122.0,191.0,222.0,214.0,367.0,121.798096,165.86348,177.20312,196.41402,214.56792,225.3861
396,122.0,191.0,222.0,214.0,367.0,369.0,117.48406,162.33318,175.03209,193.15392,211.47821,223.7607
397,191.0,222.0,214.0,367.0,369.0,356.0,143.86948,187.47046,194.11624,206.19333,221.3876,232.9227
398,222.0,214.0,367.0,369.0,356.0,489.0,207.32957,243.83597,238.6296,241.79128,250.97339,259.70258
399,214.0,367.0,369.0,356.0,489.0,494.0,242.40439,272.09995,261.98178,262.0657,270.61722,277.37756
400,367.0,369.0,356.0,489.0,494.0,542.0,245.82782,272.4221,268.36353,270.7911,281.55942,287.75806
401,369.0,356.0,489.0,494.0,542.0,506.0,333.37665,351.79648,338.8308,326.5594,328.45694,335.61133
402,356.0,489.0,494.0,542.0,506.0,479.0,361.2075,371.7376,356.4909,348.08643,353.06314,358.83368
403,489.0,494.0,542.0,506.0,479.0,547.0,370.7707,373.2655,368.5861,371.56235,378.40308,383.5216
404,494.0,542.0,506.0,479.0,547.0,590.0,438.3152,436.4414,427.8815,421.59363,420.1278,431.4602
405,542.0,506.0,479.0,547.0,590.0,442.0,462.9446,456.19937,446.7566,438.66312,442.9804,453.78076
406,506.0,479.0,547.0,590.0,442.0,644.0,508.13458,488.2651,475.6583,475.37262,477.84027,485.4327
407,479.0,547.0,590.0,442.0,644.0,596.0,500.07578,479.17343,469.5677,470.161,468.93707,475.8993
408,547.0,590.0,442.0,644.0,596.0,592.0,493.59888,477.0744,476.0522,474.75226,473.73428,483.63824
409,590.0,442.0,644.0,596.0,592.0,658.0,536.71136,522.0082,519.9992,518.47894,517.06995,534.1176
410,442.0,644.0,596.0,592.0,658.0,659.0,565.01733,546.0881,537.8297,532.7482,536.23346,552.7153
411,644.0,596.0,592.0,658.0,659.0,543.0,515.01416,498.5742,500.73807,515.5908,523.3962,534.1282
412,596.0,592.0,658.0,659.0,543.0,682.0,583.038,558.3939,556.2831,552.6347,544.71716,559.1618
413,592.0,658.0,659.0,543.0,682.0,767.0,577.7503,554.1742,546.1103,539.7605,542.51074,557.4412
414,658.0,659.0,543.0,682.0,767.0,450.0,592.64124,563.7908,557.93097,560.158,565.73553,577.0701
415,659.0,543.0,682.0,767.0,450.0,449.0,622.0795,590.78845,588.1672,590.3968,588.7637,604.4549
416,543.0,682.0,767.0,450.0,449.0,508.0,625.7436,599.1982,598.7557,595.6855,601.6687,619.3427
417,682.0,767.0,450.0,449.0,508.0,464.0,603.8135,586.6098,595.4866,613.0509,627.0409,646.8657
418,767.0,450.0,449.0,508.0,464.0,736.0,646.70526,629.4429,637.4508,642.31366,648.59564,673.4033
419,450.0,449.0,508.0,464.0,736.0,684.0,691.4434,666.4228,659.572,651.92145,663.3028,686.99744
420,449.0,508.0,464.0,736.0,684.0,675.0,586.5964,569.417,576.2849,600.0446,623.6876,636.7905
421,508.0,464.0,736.0,684.0,675.0,467.0,547.0897,540.914,566.6656,592.50995,599.7525,617.51495
422,464.0,736.0,684.0,675.0,467.0,493.0,556.3917,565.5383,588.73663,590.60913,598.36804,625.54663
423,736.0,684.0,675.0,467.0,493.0,443.0,560.35016,569.65576,581.2127,587.5603,607.81683,631.076
424,684.0,675.0,467.0,493.0,443.0,554.0,659.4013,642.4397,630.62024,622.04395,627.0293,642.6036
425,675.0,467.0,493.0,443.0,554.0,517.0,647.6897,614.9238,596.3191,581.62555,592.163,602.64856
426,467.0,493.0,443.0,554.0,517.0,447.0,653.54517,614.22046,603.2989,598.1064,610.51355,618.90125
427,493.0,443.0,554.0,517.0,447.0,894.0,585.4736,566.2725,581.5303,600.386,616.54083,629.9912
428,443.0,554.0,517.0,447.0,894.0,789.0,575.4485,578.29065,609.38715,623.4887,637.2413,660.4655
429,554.0,517.0,447.0,894.0,789.0,836.0,566.77106,585.5512,614.44934,631.0105,652.4549,679.55585
430,517.0,447.0,894.0,789.0,836.0,893.0,598.6513,612.1511,627.40924,631.4793,650.88556,676.3359
431,447.0,894.0,789.0,836.0,893.0,874.0,599.97504,601.79565,608.0453,612.8382,633.4896,653.78937
432,894.0,789.0,836.0,893.0,874.0,308.0,560.87115,558.02966,572.2768,581.95496,602.032,616.9916
433,789.0,836.0,893.0,874.0,308.0,407.0,712.7675,695.44,679.3612,654.2656,655.8427,671.57086
434,836.0,893.0,874.0,308.0,407.0,898.0,734.7619,696.6222,666.81226,636.5939,653.8657,669.861
435,893.0,874.0,308.0,407.0,898.0,913.0,765.1864,705.0975,675.3869,656.4083,675.03143,681.99365
436,874.0,308.0,407.0,898.0,913.0,959.0,781.3857,720.5107,700.0352,685.00037,695.5055,703.8009
437,308.0,407.0,898.0,913.0,959.0,866.0,793.43463,741.39886,728.32294,706.931,720.6452,737.0555
438,407.0,898.0,913.0,959.0,866.0,486.0,628.8766,615.98303,640.51324,675.62286,709.289,724.94635
439,898.0,913.0,959.0,866.0,486.0,473.0,573.6415,593.86554,652.7763,684.50415,700.0519,729.2719
440,913.0,959.0,866.0,486.0,473.0,378.0,759.6215,788.2348,801.2845,773.67645,781.0076,823.8516
441,959.0,866.0,486.0,473.0,378.0,356.0,836.36053,813.36334,778.3535,737.8453,767.3948,800.693
442,866.0,486.0,473.0,378.0,356.0,296.0,847.0242,763.1385,715.5244,690.8101,712.537,715.0271
443,486.0,473.0,378.0,356.0,296.0,290.0,779.7563,690.2057,661.2484,646.2088,651.1477,645.1123
444,473.0,378.0,356.0,296.0,290.0,289.0,676.06104,637.10095,658.8132,670.9951,682.97327,693.7415
445,378.0,356.0,296.0,290.0,289.0,331.0,661.7643,676.0497,731.0657,756.3148,776.228,813.60345
446,356.0,296.0,290.0,289.0,331.0,477.0,600.4966,648.0964,714.8246,743.8658,776.94586,825.00446
447,296.0,290.0,289.0,331.0,477.0,873.0,558.8245,606.0785,661.0006,691.5474,724.5828,763.8768
448,290.0,289.0,331.0,477.0,873.0,1034.0,492.68478,526.4369,571.3542,601.8863,625.7314,651.4557
449,289.0,331.0,477.0,873.0,1034.0,998.0,443.15344,471.28992,510.6692,528.1512,547.4917,569.27716
450,331.0,477.0,873.0,1034.0,998.0,577.0,429.4062,458.42,492.99716,508.03995,528.98694,551.6034
451,477.0,873.0,1034.0,998.0,577.0,946.0,439.652,466.89636,495.7967,505.2844,525.9882,550.1636
452,873.0,1034.0,998.0,577.0,946.0,343.0,520.2885,538.1189,546.84216,539.84485,554.39276,577.7691
453,1034.0,998.0,577.0,946.0,343.0,524.0,711.5121,695.4278,660.19116,613.6734,615.9212,638.05597
454,998.0,577.0,946.0,343.0,524.0,894.0,813.29626,738.4855,672.4941,608.69696,620.25977,632.97833
455,577.0,946.0,343.0,524.0,894.0,869.0,818.3874,709.4448,643.34174,598.3071,614.20776,606.2369
456,946.0,343.0,524.0,894.0,869.0,865.0,696.1977,617.91785,603.41583,608.97424,621.03394,612.22675
457,343.0,524.0,894.0,869.0,865.0,310.0,802.4363,755.35077,766.2305,748.5141,743.23145,767.2797
458,524.0,894.0,869.0,865.0,310.0,725.0,661.84863,670.3597,709.18787,730.29285,768.80725,802.7516
459,894.0,869.0,865.0,310.0,725.0,329.0,660.1674,678.14624,721.0989,743.6111,762.67645,793.62524
460,869.0,865.0,310.0,725.0,329.0,253.0,784.89294,773.7698,771.19196,740.5344,731.71326,755.898
461,865.0,310.0,725.0,329.0,253.0,800.0,805.50476,743.1333,705.07697,650.89233,653.15,663.12775
462,310.0,725.0,329.0,253.0,800.0,860.0,810.93726,712.02264,671.8945,647.62244,642.6979,632.3872
463,725.0,329.0,253.0,800.0,860.0,293.0,581.7029,526.59784,554.5067,580.84393,573.96375,568.0263
464,329.0,253.0,800.0,860.0,293.0,273.0,714.70776,701.73175,754.2091,754.74976,736.8873,770.3172
465,253.0,800.0,860.0,293.0,273.0,274.0,621.3615,651.582,719.3656,754.3174,783.2891,833.52856
466,800.0,860.0,293.0,273.0,274.0,819.0,503.65576,536.9472,620.1764,680.73376,714.19653,755.3027
467,860.0,293.0,273.0,274.0,819.0,767.0,686.988,694.55035,715.6836,715.26105,701.9542,728.82806
468,293.0,273.0,274.0,819.0,767.0,744.0,741.85345,689.1778,661.4714,614.6456,608.5545,626.8559
469,273.0,274.0,819.0,767.0,744.0,744.0,563.21857,497.27985,493.60577,514.2777,526.94324,511.95355
470,274.0,819.0,767.0,744.0,744.0,731.0,433.1196,399.6277,442.42538,471.47235,448.39075,438.01422
471,819.0,767.0,744.0,744.0,731.0,706.0,413.40448,428.84067,490.18115,489.17078,467.78738,487.313
472,767.0,744.0,744.0,731.0,706.0,682.0,689.2317,680.8021,667.25165,623.0214,606.7206,629.2963
473,744.0,744.0,731.0,706.0,682.0,670.0,713.6168,637.19995,599.3102,569.7054,564.6651,571.14496
474,744.0,731.0,706.0,682.0,670.0,639.0,667.52997,565.8371,543.5367,526.1692,515.28015,501.93118
475,731.0,706.0,682.0,670.0,639.0,433.0,674.23126,587.0219,580.9075,571.7655,544.03485,537.1481
476,706.0,682.0,670.0,639.0,433.0,566.0,709.4362,642.28174,653.32556,637.3589,612.93365,623.2417
477,682.0,670.0,639.0,433.0,566.0,180.0,751.18506,701.7287,718.1897,723.5493,713.0947,733.5079
478,670.0,639.0,433.0,566.0,180.0,609.0,740.32477,690.96484,712.1793,719.5038,705.56586,726.99664
479,639.0,433.0,566.0,180.0,609.0,591.0,733.16113,685.3827,710.75446,720.60675,706.01965,728.72266
480,433.0,566.0,180.0,609.0,591.0,524.0,717.2846,671.06134,699.85126,714.231,698.65564,720.6439
481,566.0,180.0,609.0,591.0,524.0,551.0,615.26917,582.1832,627.9603,661.15686,646.3072,665.4142
482,180.0,609.0,591.0,524.0,551.0,544.0,632.8569,595.24146,634.1667,646.75635,616.077,635.67316
483,609.0,591.0,524.0,551.0,544.0,542.0,433.0519,419.8149,478.82266,523.9598,511.74084,528.5325
484,591.0,524.0,551.0,544.0,542.0,531.0,574.0781,535.27814,562.0306,559.96075,521.8569,534.9994
485,524.0,551.0,544.0,542.0,531.0,477.0,586.72,519.4314,513.9316,504.63754,470.2755,474.56927
486,551.0,544.0,542.0,531.0,477.0,510.0,549.22876,461.93884,465.88385,466.80392,435.33923,421.72595
487,544.0,542.0,531.0,477.0,510.0,492.0,557.61194,474.87823,489.5973,498.99033,446.57184,439.49496
488,542.0,531.0,477.0,510.0,492.0,479.0,546.3755,476.68265,496.0461,481.76962,432.06885,434.0407
489,531.0,477.0,510.0,492.0,479.0,459.0,604.7547,537.226,559.6816,572.504,534.91315,544.0017
490,477.0,510.0,492.0,479.0,459.0,439.0,589.76434,520.44824,545.90424,563.55554,522.56226,530.1332
491,510.0,492.0,479.0,459.0,439.0,422.0,553.5976,488.9312,517.9923,536.53894,494.58914,501.19043
492,492.0,479.0,459.0,439.0,422.0,411.0,563.247,495.00888,520.4237,532.9944,487.08298,495.49902
493,479.0,459.0,439.0,422.0,411.0,382.0,547.6956,475.95328,496.61148,509.856,464.3797,469.8713
494,459.0,439.0,422.0,411.0,382.0,347.0,531.5954,452.84503,470.6951,485.05194,435.2823,435.71155
495,439.0,422.0,411.0,382.0,347.0,317.0,508.40176,427.486,444.1329,455.95587,400.65128,399.57205
496,422.0,411.0,382.0,347.0,317.0,308.0,490.25122,407.49277,422.42325,429.63263,371.9734,369.21176
497,411.0,382.0,347.0,317.0,308.0,301.0,475.0758,388.03885,401.93872,411.70746,350.8382,345.48193
498,382.0,347.0,317.0,308.0,301.0,275.0,455.53824,363.16306,374.31927,381.96152,316.33884,307.8468
499,347.0,317.0,308.0,301.0,275.0,246.0,426.89844,331.11902,340.81235,348.65854,280.26096,270.0671
500,317.0,308.0,301.0,275.0,246.0,217.0,394.2301,297.1045,308.38943,316.40353,246.65396,236.23181
501,308.0,301.0,275.0,246.0,217.0,205.0,361.88348,267.14096,282.76877,295.18066,226.02179,217.90742
502,301.0,275.0,246.0,217.0,205.0,127.0,341.0538,242.95593,254.10138,264.88425,196.00859,187.04492
503,275.0,246.0,217.0,205.0,127.0,114.0,324.97372,220.16718,225.52686,235.66318,166.23933,153.87466
504,246.0,217.0,205.0,127.0,114.0,50.0,294.20575,189.3365,195.05751,207.30873,138.00822,124.28978
505,217.0,205.0,127.0,114.0,50.0,64.0,263.44147,162.59491,170.33487,181.23758,111.61926,99.37254
506,205.0,127.0,114.0,50.0,64.0,78.0,232.4634,137.40735,146.9088,156.07837,89.13805,80.7273
507,127.0,114.0,50.0,64.0,78.0,77.0,216.54497,121.02622,127.162605,137.58656,73.2701,66.69576
508,114.0,50.0,64.0,78.0,77.0,87.0,127.762825,44.993412,58.916157,83.14597,27.4806,22.281717
509,50.0,64.0,78.0,77.0,87.0,82.0,100.57988,23.225008,38.56541,55.96504,2.0,3.395255
510,64.0,78.0,77.0,87.0,82.0,94.0,18.570976,2.0,38.196487,85.433426,73.85227,114.22108
511,78.0,77.0,87.0,82.0,94.0,110.0,60.94917,61.492397,115.13148,187.61476,215.5029,286.33398
512,77.0,87.0,82.0,94.0,110.0,108.0,107.19454,127.414825,186.34816,295.6629,340.06393,391.3451
513,87.0,82.0,94.0,110.0,108.0,115.0,104.78908,147.18315,221.35645,330.38208,365.82257,387.9597
514,82.0,94.0,110.0,108.0,115.0,130.0,114.76848,166.74358,221.06975,297.34277,313.58923,325.96744
515,94.0,110.0,108.0,115.0,130.0,111.0,110.799324,159.91815,170.97652,186.94238,205.85352,218.72983
516,110.0,108.0,115.0,130.0,111.0,110.0,119.56388,166.06532,177.77515,194.05237,213.30913,226.61032
517,108.0,115.0,130.0,111.0,110.0,112.0,136.09576,180.89175,189.88258,205.51997,223.93407,237.02829
518,115.0,130.0,111.0,110.0,112.0,103.0,142.34076,185.59271,195.08815,210.67128,229.65462,242.61696
519,130.0,111.0,110.0,112.0,103.0,88.0,148.11359,189.93463,199.59683,215.15782,234.39977,247.27039
520,111.0,110.0,112.0,103.0,88.0,91.0,159.28603,201.57121,209.74643,222.32109,240.99104,254.4268
521,110.0,112.0,103.0,88.0,91.0,109.0,154.37067,195.23459,205.29517,220.767,241.27496,255.57985
522,112.0,103.0,88.0,91.0,109.0,102.0,148.81198,188.57037,201.0383,218.32925,240.55222,255.14578
523,103.0,88.0,91.0,109.0,102.0,89.0,145.38994,186.78304,199.81015,217.18936,240.37036,255.67696
524,88.0,91.0,109.0,102.0,89.0,87.0,141.11072,181.63605,195.76369,214.22528,238.61221,254.19127
525,91.0,109.0,102.0,89.0,87.0,85.0,127.69189,167.23997,182.80818,203.93562,230.55177,245.8864
526,109.0,102.0,89.0,87.0,85.0,90.0,118.11576,159.10834,175.24536,195.23607,222.94424,238.49785
527,102.0,89.0,87.0,85.0,90.0,99.0,127.92006,168.6355,180.54869,196.82256,223.98695,239.8848
528,89.0,87.0,85.0,90.0,99.0,108.0,129.67696,168.26149,178.36012,194.71735,223.55945,240.04555
529,87.0,85.0,90.0,99.0,108.0,112.0,119.823784,157.83766,170.00005,188.00227,219.46698,235.3988
530,85.0,90.0,99.0,108.0,112.0,114.0,108.713455,148.67093,160.97552,178.64697,210.70232,226.2388
531,90.0,99.0,108.0,112.0,114.0,120.0,104.0647,144.08917,153.5638,168.77126,200.19308,216.02545
532,99.0,108.0,112.0,114.0,120.0,131.0,108.16518,146.4864,152.15546,164.66,196.58858,212.8031
533,108.0,112.0,114.0,120.0,131.0,147.0,112.89441,150.94121,154.95686,166.25978,199.52731,216.48537
534,112.0,114.0,120.0,131.0,147.0,161.0,121.97129,160.08247,162.95705,172.92569,206.57971,224.10678
535,114.0,120.0,131.0,147.0,161.0,164.0,129.97142,167.8293,169.27415,178.66571,212.79059,231.24449
536,120.0,131.0,147.0,161.0,164.0,178.0,131.34914,168.77736,169.30016,178.60484,214.09576,233.13074
537,131.0,147.0,161.0,164.0,178.0,176.0,133.06425,170.29616,169.73178,178.47758,214.7838,233.63075
538,147.0,161.0,164.0,178.0,176.0,170.0,138.43193,175.03008,172.88907,180.61061,216.79918,235.91763
539,161.0,164.0,178.0,176.0,170.0,163.0,149.70734,184.93797,180.13097,185.80426,222.00766,241.48303
540,164.0,178.0,176.0,170.0,163.0,156.0,164.60986,198.96068,192.29027,196.88326,233.57297,253.5735
541,178.0,176.0,170.0,163.0,156.0,164.0,172.04172,205.72638,199.53212,205.61263,243.91779,264.69376
542,176.0,170.0,163.0,156.0,164.0,155.0,181.38242,214.86562,208.41792,214.65973,254.06332,274.3915
543,170.0,163.0,156.0,164.0,155.0,163.0,177.68782,210.96237,205.80156,214.23817,255.10887,275.32077
544,163.0,156.0,164.0,155.0,163.0,173.0,173.8834,206.6978,202.79335,212.00838,253.49065,272.68433
545,156.0,164.0,155.0,163.0,173.0,180.0,167.96883,200.88803,197.63188,208.07101,250.2239,268.93427
546,164.0,155.0,163.0,173.0,180.0,187.0,159.65268,193.42046,192.05629,203.28957,246.1643,264.697
547,155.0,163.0,173.0,180.0,187.0,188.0,155.26242,189.45045,187.99664,198.35692,241.8839,260.22305
548,163.0,173.0,180.0,187.0,188.0,167.0,153.41449,188.30522,186.9423,197.19325,240.81398,259.75113
549,173.0,180.0,187.0,188.0,167.0,163.0,156.17075,190.57495,187.90944,196.23724,239.61794,259.65195
550,180.0,187.0,188.0,167.0,163.0,153.0,166.17494,201.66725,196.73552,202.87134,245.53528,266.1178
551,187.0,188.0,167.0,163.0,153.0,138.0,177.25656,212.86009,206.51736,211.29279,253.70969,276.09503
552,188.0,167.0,163.0,153.0,138.0,138.0,184.15645,218.97044,212.19981,217.0199,260.78815,284.29718
553,167.0,163.0,153.0,138.0,138.0,148.0,186.12823,220.76671,215.0885,221.35732,266.8898,290.42215
554,163.0,153.0,138.0,138.0,148.0,150.0,168.21696,202.33238,201.43784,212.28917,260.17975,283.34366
555,153.0,138.0,138.0,148.0,150.0,146.0,154.29668,188.69463,189.91704,201.57097,250.00642,270.8094
556,138.0,138.0,148.0,150.0,146.0,153.0,138.63594,173.8027,175.61006,187.56433,235.75806,255.81996
557,138.0,148.0,150.0,146.0,153.0,148.0,124.94327,159.88347,162.39357,173.1677,221.2155,241.01247
558,148.0,150.0,146.0,153.0,148.0,136.0,120.52844,156.2866,156.95001,165.53117,213.4396,232.8179
559,150.0,146.0,153.0,148.0,136.0,126.0,130.95847,168.47798,166.5285,171.6965,217.55157,238.3846
560,146.0,153.0,148.0,136.0,126.0,121.0,142.78561,180.423,176.314,179.43268,225.49684,249.15074
561,153.0,148.0,136.0,126.0,121.0,137.0,143.55693,181.31926,178.59018,183.66833,232.7929,258.1819
562,148.0,136.0,126.0,121.0,137.0,136.0,137.9783,175.88217,174.7988,181.84137,232.62619,258.18127
563,136.0,126.0,121.0,137.0,136.0,149.0,130.13188,167.52179,166.85052,174.24065,224.92897,249.91501
564,126.0,121.0,137.0,136.0,149.0,167.0,118.00565,154.01208,153.70448,161.08165,212.03665,236.24391
565,121.0,137.0,136.0,149.0,167.0,181.0,106.83689,143.14755,142.98923,150.25935,200.99188,223.66925
566,137.0,136.0,149.0,167.0,181.0,168.0,100.107056,137.21613,136.07303,141.7051,191.26372,213.4931
567,136.0,149.0,167.0,181.0,168.0,140.0,107.960396,145.68118,141.22902,142.28143,189.97916,212.49182
568,149.0,167.0,181.0,168.0,140.0,126.0,121.78243,159.75563,152.26263,150.87042,197.85379,222.12901
569,167.0,181.0,168.0,140.0,126.0,125.0,134.94487,172.73792,164.37439,162.03912,209.13092,235.62157
570,181.0,168.0,140.0,126.0,125.0,132.0,156.13684,194.57231,183.50296,179.73985,226.36061,253.53165
571,168.0,140.0,126.0,125.0,132.0,157.0,180.61873,219.55545,206.91714,202.47737,247.98122,276.3329
572,140.0,126.0,125.0,132.0,157.0,171.0,178.78731,216.55193,207.50429,207.88728,256.2453,285.87372
573,126.0,125.0,132.0,157.0,171.0,161.0,145.67363,182.39178,181.38937,190.25104,243.83049,271.40063
574,125.0,132.0,157.0,171.0,161.0,159.0,106.693344,142.85732,146.61356,159.291,213.65077,236.19453
575,132.0,157.0,171.0,161.0,159.0,168.0,92.891045,129.12712,131.33415,139.41014,188.95802,207.70435
576,157.0,171.0,161.0,159.0,168.0,247.0,110.98733,147.99026,144.27322,144.45546,188.71603,207.66699
577,171.0,161.0,159.0,168.0,247.0,259.0,151.13432,189.96346,179.54704,173.18703,214.12616,236.69347
578,161.0,159.0,168.0,247.0,259.0,236.0,178.20346,217.57744,204.5584,197.88618,239.77034,267.67966
579,159.0,168.0,247.0,259.0,236.0,226.0,180.60394,218.5002,208.1545,205.79681,251.19048,280.56955
580,168.0,247.0,259.0,236.0,226.0,252.0,176.66022,214.04202,206.43248,207.71817,254.01674,280.7104
581,247.0,259.0,236.0,226.0,252.0,243.0,178.65549,216.32402,210.09451,211.57695,255.10788,279.73935
582,259.0,236.0,226.0,252.0,243.0,205.0,237.15648,275.53552,260.36017,250.78603,286.9105,310.3084
583,236.0,226.0,252.0,243.0,205.0,174.0,287.08084,323.08307,302.97986,291.91675,326.85376,354.86865
584,226.0,252.0,243.0,205.0,174.0,180.0,286.2641,317.17786,305.345,303.1675,345.02844,374.74945
585,252.0,243.0,205.0,174.0,180.0,175.0,259.97183,290.65753,286.65833,294.3926,340.2013,364.234
586,243.0,205.0,174.0,180.0,175.0,169.0,261.0483,293.2831,290.767,296.09943,334.9016,354.8722
587,205.0,174.0,180.0,175.0,169.0,153.0,269.53043,299.51608,294.8985,296.99796,332.97906,352.90717
588,174.0,180.0,175.0,169.0,153.0,154.0,244.94963,272.6026,273.58093,281.9049,323.00647,343.10513
589,180.0,175.0,169.0,153.0,154.0,136.0,200.5959,229.18362,236.88622,252.23155,296.4997,313.58295
590,175.0,169.0,153.0,154.0,136.0,186.0,183.31883,214.46796,220.8822,232.57559,271.7558,285.89523
591,169.0,153.0,154.0,136.0,186.0,189.0,183.48157,214.09772,213.7825,218.96158,253.99605,268.9197
592,153.0,154.0,136.0,186.0,189.0,172.0,190.18794,219.55249,215.13243,217.03403,252.13374,268.3522
593,154.0,136.0,186.0,189.0,172.0,166.0,178.99336,208.82835,205.48611,210.49052,248.3728,265.74298
594,136.0,186.0,189.0,172.0,166.0,141.0,172.22511,203.20848,201.11081,206.25407,243.35919,260.1545
595,186.0,189.0,172.0,166.0,141.0,163.0,161.59502,192.9272,190.2875,195.83997,232.30002,248.73889
596,189.0,172.0,166.0,141.0,163.0,179.0,188.12936,219.26033,210.2538,207.84264,239.4522,255.6443
597,172.0,166.0,141.0,163.0,179.0,136.0,213.82797,243.89922,228.71468,223.56789,253.03966,271.22305
598,166.0,141.0,163.0,179.0,136.0,109.0,215.42462,242.18878,229.90903,227.35121,258.71878,278.0796
599,141.0,163.0,179.0,136.0,109.0,91.0,202.70346,229.74559,220.38974,222.50328,255.7277,272.53207
600,163.0,179.0,136.0,109.0,91.0,92.0,177.04959,205.2227,200.14572,205.30708,237.48389,252.87198
601,179.0,136.0,109.0,91.0,92.0,103.0,185.23102,212.51442,203.85197,203.35681,230.91068,243.57246
602,136.0,109.0,91.0,92.0,103.0,119.0,207.2503,234.2577,219.96008,215.09785,238.67303,251.98543
603,109.0,91.0,92.0,103.0,119.0,121.0,192.90565,217.53665,207.09486,206.64902,232.565,247.30872
604,91.0,92.0,103.0,119.0,121.0,122.0,161.79242,187.04233,182.84187,187.88774,216.99487,229.67696
605,92.0,103.0,119.0,121.0,122.0,111.0,125.65689,154.67384,154.85243,162.98244,191.85233,204.16046
606,103.0,119.0,121.0,122.0,111.0,93.0,114.24479,142.84555,140.96245,145.3332,171.76364,183.50919
607,119.0,121.0,122.0,111.0,93.0,81.0,124.30148,151.89095,144.66193,144.923,169.17062,180.81076
608,121.0,122.0,111.0,93.0,81.0,96.0,142.9167,170.096,159.26164,156.09311,178.02968,191.19145
609,122.0,111.0,93.0,81.0,96.0,82.0,154.17914,180.27089,167.20865,163.23572,185.08876,198.84573
610,111.0,93.0,81.0,96.0,82.0,66.0,155.70174,181.29265,168.3053,164.8817,187.1657,200.37732
611,93.0,81.0,96.0,82.0,66.0,73.0,145.12715,170.65125,159.36723,158.49274,181.00865,193.14403
612,81.0,96.0,82.0,66.0,73.0,84.0,124.554504,149.84856,141.43813,143.30621,166.15683,177.2087
613,96.0,82.0,66.0,73.0,84.0,100.0,104.56899,130.2175,123.28382,126.599304,149.30904,159.3348
614,82.0,66.0,73.0,84.0,100.0,77.0,109.43534,135.27039,124.683235,123.93942,143.45699,152.55649
615,66.0,73.0,84.0,100.0,77.0,89.0,109.54315,134.86475,122.13833,121.053406,139.0186,147.88931
616,73.0,84.0,100.0,77.0,89.0,83.0,97.16286,122.41193,112.25899,112.791245,131.47539,140.11806
617,84.0,100.0,77.0,89.0,83.0,81.0,93.650246,121.47308,110.67146,109.73971,127.58388,135.76227
618,100.0,77.0,89.0,83.0,81.0,52.0,103.864784,132.23993,118.15609,113.69332,128.62392,136.87599
619,77.0,89.0,83.0,81.0,52.0,37.0,122.433014,147.92935,130.77904,124.30061,136.99532,144.98627
620,89.0,83.0,81.0,52.0,37.0,40.0,108.36787,133.88045,120.73703,119.41119,134.72717,142.95012
621,83.0,81.0,52.0,37.0,40.0,22.0,104.66017,130.46101,119.66418,117.96647,133.02094,140.88956
622,81.0,52.0,37.0,40.0,22.0,18.0,101.317444,128.35977,116.75802,116.333595,130.18457,137.74979
623,52.0,37.0,40.0,22.0,18.0,9.0,103.125275,128.26976,117.32266,117.08943,129.44524,136.42583
624,37.0,40.0,22.0,18.0,9.0,33.0,75.56235,102.308266,95.14853,101.650215,116.41479,123.4776
625,40.0,22.0,18.0,9.0,33.0,33.0,45.538452,75.551765,73.51495,81.3488,97.61923,105.43504
626,22.0,18.0,9.0,33.0,33.0,34.0,37.88049,69.56445,65.01587,71.960365,87.32421,95.69947
627,18.0,9.0,33.0,33.0,34.0,36.0,16.758633,48.52561,44.275112,54.803314,71.94566,80.41163
628,9.0,33.0,33.0,34.0,36.0,50.0,2.0,29.877937,26.743727,39.192135,57.65273,64.37639
629,33.0,33.0,34.0,36.0,50.0,58.0,2.0,12.403954,9.211826,21.197298,39.863068,44.914482
630,33.0,34.0,36.0,50.0,58.0,74.0,12.575219,49.079308,42.11071,47.57792,63.424847,69.06899
631,34.0,36.0,50.0,58.0,74.0,93.0,27.55066,65.53594,57.89231,69.840385,89.6062,96.109055
632,36.0,50.0,58.0,74.0,93.0,89.0,26.907574,69.19112,72.82459,87.983536,113.2019,115.5988
633,50.0,58.0,74.0,93.0,89.0,76.0,22.770008,73.39465,83.16094,99.798195,123.61283,127.012314
634,58.0,74.0,93.0,89.0,76.0,60.0,38.83755,91.62225,96.07852,105.36808,124.710365,130.88382
635,74.0,93.0,89.0,76.0,60.0,45.0,66.904526,112.16881,101.12676,102.9279,120.54299,127.612274
636,93.0,89.0,76.0,60.0,45.0,43.0,86.357216,130.37572,119.42169,120.30465,138.35278,147.0861
637,89.0,76.0,60.0,45.0,43.0,46.0,108.9844,152.61333,141.37383,142.15971,161.29411,171.2848
638,76.0,60.0,45.0,43.0,46.0,57.0,111.96624,154.84473,147.80864,153.02872,175.42152,187.19383
639,60.0,45.0,43.0,46.0,57.0,68.0,96.217705,137.77888,137.20839,149.17038,175.85292,188.42957
640,45.0,43.0,46.0,57.0,68.0,77.0,71.51409,113.27125,117.38646,133.78752,163.52481,176.04333
641,43.0,46.0,57.0,68.0,77.0,76.0,47.923042,88.51147,94.24844,112.43903,142.84827,154.64919
642,46.0,57.0,68.0,77.0,76.0,79.0,39.286682,78.255936,80.9233,96.869965,126.0177,136.24716
643,57.0,68.0,77.0,76.0,79.0,77.0,45.842464,85.36669,83.90311,95.21299,122.248985,132.39067
644,68.0,77.0,76.0,79.0,77.0,62.0,62.003212,101.96082,97.04218,103.78855,129.12086,141.05898
645,77.0,76.0,79.0,77.0,62.0,47.0,83.60617,124.42301,116.70961,119.864296,144.87477,158.65375
646,76.0,79.0,77.0,62.0,47.0,46.0,99.50426,141.03816,133.2232,135.67699,161.64178,177.83766
647,79.0,77.0,62.0,47.0,46.0,47.0,103.28296,144.77039,139.0858,143.83507,172.15622,189.89758
648,77.0,62.0,47.0,46.0,47.0,43.0,104.73331,145.9821,141.86867,148.09967,178.38858,196.12294
649,62.0,47.0,46.0,47.0,43.0,58.0,102.138016,143.41228,141.44359,150.04933,181.25623,199.20213
650,47.0,46.0,47.0,43.0,58.0,72.0,87.96911,128.19333,129.8232,142.0134,175.59729,194.076
651,46.0,47.0,43.0,58.0,72.0,76.0,64.93846,104.64027,109.60343,124.87815,161.68565,179.48706
652,47.0,43.0,58.0,72.0,76.0,89.0,48.81648,88.70604,94.26039,109.268265,146.38976,163.2358
653,43.0,58.0,72.0,76.0,89.0,73.0,45.826683,85.04479,87.78091,99.68644,135.14108,151.95828
654,58.0,72.0,76.0,89.0,73.0,57.0,43.684364,81.67182,82.0746,91.67636,127.568886,145.88687
655,72.0,76.0,89.0,73.0,57.0,51.0,52.403988,90.24721,87.74706,93.990715,130.41562,149.7636
656,76.0,89.0,73.0,57.0,51.0,59.0,70.58728,108.824646,102.30285,105.48446,141.18044,161.77844
657,89.0,73.0,57.0,51.0,59.0,71.0,79.25008,116.26378,108.87963,111.73851,148.48727,171.32303
658,73.0,57.0,51.0,59.0,71.0,72.0,80.71442,116.85689,108.99072,112.35108,152.01932,175.34534
659,57.0,51.0,59.0,71.0,72.0,68.0,63.289135,98.10678,90.90572,97.366135,139.99236,162.92558
660,51.0,59.0,71.0,72.0,68.0,66.0,39.68148,71.911125,66.01298,73.37993,116.948875,137.31026
661,59.0,71.0,72.0,68.0,66.0,79.0,22.564005,54.874878,47.428734,53.30746,96.394646,113.7229
662,71.0,72.0,68.0,66.0,79.0,77.0,29.560534,63.19558,50.89044,50.435123,89.91505,106.31908
663,72.0,68.0,66.0,79.0,77.0,74.0,57.38857,92.07854,73.333885,66.14712,102.31153,120.91854
664,68.0,66.0,79.0,77.0,74.0,82.0,74.9642,110.872574,91.282585,83.76442,121.51157,145.0939
665,66.0,79.0,77.0,74.0,82.0,73.0,74.02993,110.74429,93.65118,89.197174,131.17957,157.02191
666,79.0,77.0,74.0,82.0,73.0,87.0,64.30542,101.75741,86.76833,84.71818,128.77014,153.9081
667,77.0,74.0,82.0,73.0,87.0,117.0,67.72828,105.23781,88.75606,84.06156,126.094666,150.09822
668,74.0,82.0,73.0,87.0,117.0,122.0,74.51729,111.73115,93.59169,87.406876,128.57254,153.52577
669,82.0,73.0,87.0,117.0,122.0,110.0,74.873985,111.57523,94.69798,89.39822,132.42249,158.67223
670,73.0,87.0,117.0,122.0,110.0,116.0,75.65221,113.14388,96.99794,92.5309,137.01613,162.92041
671,87.0,117.0,122.0,110.0,116.0,97.0,68.25299,105.698135,91.54639,88.99941,134.3883,160.70937
672,117.0,122.0,110.0,116.0,97.0,83.0,74.090675,111.49209,96.6679,91.79136,136.82228,162.15343
673,122.0,110.0,116.0,97.0,83.0,67.0,98.422134,136.87865,117.68336,109.16893,152.11075,178.5379
674,110.0,116.0,97.0,83.0,67.0,80.0,118.19322,155.87718,135.6722,126.67111,169.28369,199.24709
675,116.0,97.0,83.0,67.0,80.0,121.0,113.04675,149.1377,132.37527,128.4713,176.21184,207.39828
676,97.0,83.0,67.0,80.0,121.0,103.0,95.68939,131.89738,119.351,120.30418,171.15108,199.69211
677,83.0,67.0,80.0,121.0,103.0,123.0,76.80748,112.684586,101.98272,104.568726,154.5963,179.84097
678,67.0,80.0,121.0,103.0,123.0,142.0,53.73887,88.00177,79.62192,82.41259,132.74252,156.2448
679,80.0,121.0,103.0,123.0,142.0,160.0,29.117197,63.487865,56.35544,59.598797,111.421646,132.80717
680,121.0,103.0,123.0,142.0,160.0,163.0,31.543564,66.91412,56.31638,53.387302,101.9874,121.973976
681,103.0,123.0,142.0,160.0,163.0,134.0,77.975365,114.77495,94.41809,79.86249,121.510956,143.62549
682,123.0,142.0,160.0,163.0,134.0,103.0,105.40706,142.37093,120.286156,106.31656,148.8455,178.88547
683,142.0,160.0,163.0,134.0,103.0,89.0,115.01196,151.98521,132.52782,121.9515,169.84981,202.36725
684,160.0,163.0,134.0,103.0,89.0,117.0,124.29721,163.20956,142.80934,135.04987,183.91606,214.86197
685,163.0,134.0,103.0,89.0,117.0,108.0,142.20538,179.96335,158.77553,148.76633,194.3286,225.446
686,134.0,103.0,89.0,117.0,108.0,104.0,151.04256,187.15874,166.31013,158.02863,205.37416,236.48264
687,103.0,89.0,117.0,108.0,104.0,115.0,126.599754,162.04417,148.51257,149.3992,201.5566,232.00444
688,89.0,117.0,108.0,104.0,115.0,122.0,86.2338,120.68788,113.96475,120.83962,175.19911,200.3886
689,117.0,108.0,104.0,115.0,122.0,124.0,48.553528,83.43669,80.16612,87.9853,141.6474,161.68303
690,108.0,104.0,115.0,122.0,124.0,111.0,54.98456,90.95762,82.5321,80.76024,128.79924,146.16223
691,104.0,115.0,122.0,124.0,111.0,81.0,72.443344,107.86761,94.55688,87.943565,133.39514,154.99043
692,115.0,122.0,124.0,111.0,81.0,111.0,78.449394,112.40602,100.030655,93.84381,142.12766,168.14528
693,122.0,124.0,111.0,81.0,111.0,100.0,80.048836,115.29235,102.14507,97.26141,147.57613,173.33926
694,124.0,111.0,81.0,111.0,100.0,90.0,92.653496,129.09012,113.76167,106.40657,153.13733,178.65883
695,111.0,81.0,111.0,100.0,90.0,109.0,111.27035,147.29413,128.9325,118.999695,163.93213,190.68117
696,81.0,111.0,100.0,90.0,109.0,99.0,99.21536,134.94939,120.16627,115.677025,164.92252,193.6556
697,111.0,100.0,90.0,109.0,99.0,185.0,58.802017,93.36591,84.785126,86.679985,140.13556,166.06686
698,100.0,90.0,109.0,99.0,185.0,164.0,55.603527,90.281166,78.12333,73.746254,122.39946,142.59578
699,90.0,109.0,99.0,185.0,164.0,146.0,78.59913,113.98106,95.32761,84.65831,126.55778,147.67296
700,109.0,99.0,185.0,164.0,146.0,182.0,83.63455,117.53789,100.680405,90.56544,134.50757,160.45522
701,99.0,185.0,164.0,146.0,182.0,163.0,80.94834,116.195854,100.12627,92.746445,141.38081,166.54779
702,185.0,164.0,146.0,182.0,163.0,144.0,71.11663,106.30957,91.13815,85.68923,133.18199,158.12975
703,164.0,146.0,182.0,163.0,144.0,125.0,136.4661,170.7752,142.91304,121.30748,158.72423,181.85245
704,146.0,182.0,163.0,144.0,125.0,109.0,174.37828,208.46289,175.85905,157.50325,194.90529,225.29332
705,182.0,163.0,144.0,125.0,109.0,129.0,155.57272,185.58647,164.06262,155.85269,202.44981,235.17697
706,163.0,144.0,125.0,109.0,129.0,166.0,143.32716,174.47485,153.36853,149.63368,199.24059,223.12802
707,144.0,125.0,109.0,129.0,166.0,129.0,135.20386,165.71931,146.33125,143.12404,185.98164,207.62704
708,125.0,109.0,129.0,166.0,129.0,122.0,134.86649,161.45856,141.88942,136.09428,177.51038,196.91216
709,109.0,129.0,166.0,129.0,122.0,98.0,107.76072,136.03749,121.19388,122.66238,168.85065,187.28116
710,129.0,166.0,129.0,122.0,98.0,86.0,81.79561,111.55808,100.36394,102.98733,148.01062,163.67075
711,166.0,129.0,122.0,98.0,86.0,78.0,88.83434,118.25378,101.41277,96.81778,136.89464,150.71497
712,129.0,122.0,98.0,86.0,78.0,74.0,130.04189,159.88991,134.42223,121.109314,155.552,172.28174
713,122.0,98.0,86.0,78.0,74.0,65.0,134.64824,162.2099,137.58057,128.17198,165.6782,187.51715
714,98.0,86.0,78.0,74.0,65.0,47.0,114.28855,140.86978,122.53191,119.33944,161.97137,182.53406
715,86.0,78.0,74.0,65.0,47.0,40.0,83.18373,111.5125,95.80675,97.50164,140.5734,157.13454
716,78.0,74.0,65.0,47.0,40.0,40.0,60.67743,87.86777,73.16678,72.473724,112.07718,126.1713
717,74.0,65.0,47.0,40.0,40.0,50.0,51.31066,77.913635,60.03739,56.17645,94.55726,106.68026
718,65.0,47.0,40.0,40.0,50.0,46.0,47.46172,74.904564,55.79441,49.933056,86.8575,100.17102
719,47.0,40.0,40.0,50.0,46.0,43.0,44.51959,71.50097,50.026527,41.92396,77.41868,91.537056
720,40.0,40.0,50.0,46.0,43.0,39.0,34.642693,61.832375,39.856388,31.628475,67.269806,82.004974
721,40.0,50.0,46.0,43.0,39.0,47.0,26.920864,54.886528,31.595396,21.923643,56.44754,70.40308
722,50.0,46.0,43.0,39.0,47.0,44.0,31.084673,60.285168,33.77462,20.712845,52.341656,65.94341
723,46.0,43.0,39.0,47.0,44.0,38.0,46.8506,76.60572,46.203278,29.031225,57.674427,72.336
724,43.0,39.0,47.0,44.0,38.0,36.0,56.723644,86.835434,54.837673,37.261303,65.54897,81.96179
725,39.0,47.0,44.0,38.0,36.0,45.0,55.385757,85.38067,54.71556,38.9703,68.44922,85.896164
726,47.0,44.0,38.0,36.0,45.0,51.0,47.194527,77.20567,47.61016,33.92619,64.30333,80.816635
727,44.0,38.0,36.0,45.0,51.0,65.0,46.567085,75.98533,45.421776,30.636,59.579636,74.42503
728,38.0,36.0,45.0,51.0,65.0,82.0,46.523804,75.247955,43.821774,28.908434,56.144203,69.96839
729,36.0,45.0,51.0,65.0,82.0,85.0,41.526535,69.38931,38.472687,24.268929,51.25938,64.89848
730,45.0,51.0,65.0,82.0,85.0,80.0,37.279205,65.262314,33.730595,19.663467,46.37978,58.797997
731,51.0,65.0,82.0,85.0,80.0,74.0,45.284092,73.59683,39.601254,23.254047,47.3012,58.530838
732,65.0,82.0,85.0,80.0,74.0,66.0,56.77184,84.78615,48.47978,30.588892,52.13452,63.09186
733,82.0,85.0,80.0,74.0,66.0,74.0,70.580605,98.17843,60.215496,40.957134,61.503326,72.68836
734,85.0,80.0,74.0,66.0,74.0,74.0,88.02184,115.1098,74.43268,53.978874,73.32956,84.20817
735,80.0,74.0,66.0,74.0,74.0,70.0,96.61027,121.96133,81.0371,61.826775,80.76861,91.200066
736,74.0,66.0,74.0,74.0,70.0,62.0,91.39367,115.20721,77.45677,62.154297,82.60342,91.571
737,66.0,74.0,74.0,70.0,62.0,52.0,77.50962,101.63011,67.79212,56.837456,78.861015,85.8738
738,74.0,74.0,70.0,62.0,52.0,39.0,59.224606,82.798416,51.774235,43.897503,66.09318,71.42731
739,74.0,70.0,62.0,52.0,39.0,36.0,55.431187,77.69042,45.445374,36.252815,56.288597,59.39986
740,70.0,62.0,52.0,39.0,36.0,27.0,62.655945,84.489,48.877148,37.397354,54.397453,56.320034
741,62.0,52.0,39.0,36.0,27.0,18.0,64.09902,84.8851,48.66721,37.196384,53.01959,55.07003
742,52.0,39.0,36.0,27.0,18.0,18.0,55.367237,76.80948,41.662308,31.999134,49.446995,50.791367
743,39.0,36.0,27.0,18.0,18.0,18.0,38.363632,61.21663,28.577559,21.222698,39.901726,40.490673
744,36.0,27.0,18.0,18.0,18.0,112.0,18.806503,42.06873,11.350481,6.2081747,24.684233,24.155203
745,27.0,18.0,18.0,18.0,112.0,139.0,11.579662,35.208103,3.2005053,2.0,13.048393,11.11753
746,18.0,18.0,18.0,112.0,139.0,177.0,2.0,26.853344,2.0,2.0,2.0,2.0
747,18.0,18.0,112.0,139.0,177.0,137.0,2.0,14.266107,2.0,2.0,2.0,2.0
748,18.0,112.0,139.0,177.0,137.0,128.0,2.0,8.089663,2.0,2.0,2.0,2.0
749,112.0,139.0,177.0,137.0,128.0,116.0,2.0,10.753061,2.0,2.0,2.0,2.0
750,139.0,177.0,137.0,128.0,116.0,106.0,119.169304,144.07338,84.459435,46.958218,41.647545,32.612907
751,177.0,137.0,128.0,116.0,106.0,108.0,180.43097,202.51634,137.39783,101.212494,95.40202,87.709145
752,137.0,128.0,116.0,106.0,108.0,122.0,205.79979,221.70787,170.25974,140.33505,144.7587,137.04787
753,128.0,116.0,106.0,108.0,122.0,127.0,167.25528,200.30388,170.98898,164.49886,182.35486,180.4964
754,116.0,106.0,108.0,122.0,127.0,127.0,158.41432,199.28256,197.14465,198.49513,215.88716,226.51868
755,106.0,108.0,122.0,127.0,127.0,148.0,157.57243,199.136,203.99959,220.85226,241.93431,258.10052
756,108.0,122.0,127.0,127.0,148.0,195.0,142.11615,181.79921,188.31409,208.38321,233.28574,248.66548
757,122.0,127.0,127.0,148.0,195.0,204.0,135.3786,172.06337,175.79166,199.34203,223.64996,235.85194
758,127.0,127.0,148.0,195.0,204.0,212.0,141.51451,179.10976,179.64069,194.91595,215.76643,225.3721
759,127.0,148.0,195.0,204.0,212.0,245.0,151.05643,188.10287,186.77103,200.0715,219.03207,227.9626
760,148.0,195.0,204.0,212.0,245.0,253.0,151.47736,188.12993,186.19164,197.75143,218.29933,227.84396
761,195.0,204.0,212.0,245.0,253.0,680.0,163.50854,200.52623,197.30766,205.60481,226.38783,236.28903
762,204.0,212.0,245.0,253.0,680.0,255.0,202.67902,238.08382,229.6302,232.01599,249.49396,259.51035
763,212.0,245.0,253.0,680.0,255.0,330.0,227.35289,258.73013,248.432,251.42511,268.8774,279.27045
764,245.0,253.0,680.0,255.0,330.0,396.0,240.72403,269.5713,261.1818,265.3969,284.47598,294.56384
765,253.0,680.0,255.0,330.0,396.0,402.0,262.9416,292.03583,283.80988,286.41483,304.47388,315.39716
766,680.0,255.0,330.0,396.0,402.0,558.0,280.43524,308.151,301.612,305.4085,323.6633,335.66965
767,255.0,330.0,396.0,402.0,558.0,334.0,505.7493,511.89203,465.8021,429.35843,427.6195,435.9747
768,330.0,396.0,402.0,558.0,334.0,254.0,368.43024,371.72598,346.93536,356.14304,382.5571,383.7829
769,396.0,402.0,558.0,334.0,254.0,248.0,362.51163,359.84625,363.28055,376.0119,389.04196,390.9883
770,402.0,558.0,334.0,254.0,248.0,270.0,395.61688,414.05704,414.8399,410.64325,414.79257,430.74628
771,558.0,334.0,254.0,248.0,270.0,309.0,433.10056,446.83142,442.56152,431.0605,445.91388,461.54443
772,334.0,254.0,248.0,270.0,309.0,532.0,528.8311,522.11914,500.16983,501.44336,510.4051,521.5793
773,254.0,248.0,270.0,309.0,532.0,305.0,418.58005,421.92294,421.37933,433.08725,454.95074,464.9734
774,248.0,270.0,309.0,532.0,305.0,287.0,356.53568,371.19217,399.96542,431.3351,456.51294,472.75974
775,270.0,309.0,532.0,305.0,287.0,338.0,322.19104,355.5174,392.15497,422.76913,449.02197,473.3628
776,309.0,532.0,305.0,287.0,338.0,367.0,323.2552,360.89175,387.41965,409.2149,440.16632,464.96152
777,532.0,305.0,287.0,338.0,367.0,564.0,351.67804,379.70056,389.22845,410.16766,439.52643,459.2146
778,305.0,287.0,338.0,367.0,564.0,381.0,467.0138,486.75687,470.12912,461.6285,478.60532,495.39597
779,287.0,338.0,367.0,564.0,381.0,384.0,410.35547,424.43362,419.041,431.03232,463.8969,481.99377
780,338.0,367.0,564.0,381.0,384.0,392.0,362.75818,377.14075,391.15103,415.37054,450.88092,464.63715
781,367.0,564.0,381.0,384.0,392.0,288.0,361.18973,390.74997,403.95834,421.45322,449.52338,464.78275
782,564.0,381.0,384.0,392.0,288.0,247.0,397.73203,427.08038,433.32184,436.6914,461.18274,480.78543
783,381.0,384.0,392.0,288.0,247.0,272.0,522.95544,538.02374,515.4013,502.96725,521.4074,537.7204
784,384.0,392.0,288.0,247.0,272.0,212.0,473.3408,481.71222,469.02713,472.88495,505.1359,522.4377
785,392.0,288.0,247.0,272.0,212.0,175.0,447.46164,456.37628,461.02463,475.12903,507.85657,521.5427
786,288.0,247.0,272.0,212.0,175.0,174.0,439.45767,461.9087,472.65424,487.2683,516.20593,532.59174
787,247.0,272.0,212.0,175.0,174.0,180.0,393.4322,420.90442,442.40094,461.1126,496.02615,516.9706
788,272.0,212.0,175.0,174.0,180.0,182.0,346.97498,375.59247,400.53757,429.41254,468.88184,485.71005
789,212.0,175.0,174.0,180.0,182.0,231.0,322.12213,357.4984,380.52777,402.60376,436.93362,453.78302
790,175.0,174.0,180.0,182.0,231.0,253.0,288.9258,324.70328,346.5959,368.57422,405.87158,425.77426
791,174.0,180.0,182.0,231.0,253.0,552.0,241.22382,274.75397,299.98627,327.29413,371.3907,390.5561
792,180.0,182.0,231.0,253.0,552.0,328.0,202.97859,240.46432,266.4228,294.55844,339.99435,357.9954
793,182.0,231.0,253.0,552.0,328.0,278.0,195.17969,234.29312,255.93263,277.5209,318.86563,337.58762
794,231.0,253.0,552.0,328.0,278.0,301.0,206.09962,243.86922,257.15283,272.1352,312.07657,331.97614
795,253.0,552.0,328.0,278.0,301.0,349.0,240.4778,278.7737,283.2164,290.7336,329.45154,352.4371
796,552.0,328.0,278.0,301.0,349.0,362.0,274.94827,312.60843,311.3444,315.73624,354.65732,381.36078
797,328.0,278.0,301.0,349.0,362.0,363.0,456.91434,492.15787,460.21753,434.10135,458.1973,485.77585
798,278.0,301.0,349.0,362.0,363.0,369.0,440.9308,464.74698,445.10956,443.68802,487.40076,524.7141
799,301.0,349.0,362.0,363.0,369.0,690.0,368.12805,386.04425,396.81192,419.37296,477.50552,504.71317
800,349.0,362.0,363.0,369.0,690.0,329.0,325.64194,360.145,379.04422,410.30392,460.1126,475.74005
801,362.0,363.0,369.0,690.0,329.0,404.0,353.06213,392.58023,408.9822,419.05676,452.6807,474.09247
802,363.0,369.0,690.0,329.0,404.0,535.0,401.1128,433.24908,430.53113,431.41986,468.63776,489.79108
803,369.0,690.0,329.0,404.0,535.0,426.0,405.70126,434.91223,434.0013,440.23984,482.06152,506.58032
804,690.0,329.0,404.0,535.0,426.0,723.0,408.13397,437.51855,439.87076,449.74634,492.19937,516.4587
805,329.0,404.0,535.0,426.0,723.0,663.0,566.6162,593.8002,566.04755,543.9953,568.6805,591.62823
806,404.0,535.0,426.0,723.0,663.0,453.0,497.834,512.87646,502.70462,507.23672,554.03,583.25525
807,535.0,426.0,723.0,663.0,453.0,581.0,464.10635,476.366,485.41473,501.70062,549.03864,566.8911
808,426.0,723.0,663.0,453.0,581.0,444.0,511.32898,540.396,538.8546,541.7918,572.4922,587.50775
809,723.0,663.0,453.0,581.0,444.0,383.0,517.15814,541.93365,543.1574,536.62067,568.5443,594.7345
810,663.0,453.0,581.0,444.0,383.0,302.0,640.57697,651.53723,622.0694,599.0415,627.92944,645.8483
811,453.0,581.0,444.0,383.0,302.0,301.0,652.0856,651.33234,621.80597,602.7753,636.2315,659.14636
812,581.0,444.0,383.0,302.0,301.0,304.0,588.7012,580.858,572.79376,574.9155,618.4966,635.1065
813,444.0,383.0,302.0,301.0,304.0,258.0,596.81573,599.7204,597.8632,601.893,633.34546,643.5184
814,383.0,302.0,301.0,304.0,258.0,268.0,550.0208,568.7475,581.2126,583.3339,614.8158,635.48737
815,302.0,301.0,304.0,258.0,268.0,277.0,517.7605,540.2572,553.57837,561.0189,600.39185,619.5285
816,301.0,304.0,258.0,268.0,277.0,265.0,436.42984,465.01367,489.57068,511.75903,552.4862,569.0496
817,304.0,258.0,268.0,277.0,265.0,200.0,391.49612,427.5302,456.95993,474.27087,509.04822,527.8541
818,258.0,268.0,277.0,265.0,200.0,240.0,387.0456,424.49658,441.81726,452.4561,485.8025,503.30765
819,268.0,277.0,265.0,200.0,240.0,288.0,358.39206,392.1046,408.99042,420.9115,455.82773,476.57687
820,277.0,265.0,200.0,240.0,288.0,279.0,344.2242,377.35025,393.07108,406.02155,442.7762,462.73383
821,265.0,200.0,240.0,288.0,279.0,317.0,336.84982,371.44196,385.80295,397.3675,432.48764,453.6687
822,200.0,240.0,288.0,279.0,317.0,495.0,333.59195,366.49158,379.5092,389.48596,423.3312,445.43094
823,240.0,288.0,279.0,317.0,495.0,557.0,293.02484,323.92062,340.11996,356.41913,394.44125,416.0042
824,288.0,279.0,317.0,495.0,557.0,443.0,288.12064,321.2516,335.60355,347.50894,381.63275,400.63254
825,279.0,317.0,495.0,557.0,443.0,275.0,328.5743,363.10977,365.5772,366.19986,393.16122,412.54214
826,317.0,495.0,557.0,443.0,275.0,221.0,353.50952,381.9955,380.6192,378.10657,405.31296,427.84677
827,495.0,557.0,443.0,275.0,221.0,198.0,379.59146,403.48996,398.83887,395.8267,424.0772,444.5334
828,557.0,443.0,275.0,221.0,198.0,134.0,476.46838,494.9057,473.27048,453.24918,470.25385,489.5116
829,443.0,275.0,221.0,198.0,134.0,97.0,561.6216,559.14185,522.3834,490.0335,502.85495,520.3761
830,275.0,221.0,198.0,134.0,97.0,84.0,531.5082,512.05426,484.89133,468.2892,488.83646,496.37338
831,221.0,198.0,134.0,97.0,84.0,90.0,428.75195,418.7902,420.207,429.99606,448.51004,449.21915
