,true_step1,true_step2,true_step3,true_step4,true_step5,true_step6,pred_step1,pred_step2,pred_step3,pred_step4,pred_step5,pred_step6,,,,
0,228,261,283,292,377,379,429.64017,401.27063,411.09146,407.80737,416.2838,397.73196,,303.3333333,410.637565,107.3042317
1,261,283,292,377,379,315,333.5954,324.51163,363.86124,374.76245,368.40527,346.83218,,317.8333333,351.994695,34.16136167
2,283,292,377,379,315,233,311.46954,334.93277,369.63785,355.6924,338.93384,331.82635,,313.1666667,340.4154583,27.24879167
3,292,377,379,315,233,198,349.3487,371.1382,377.15494,353.6431,349.5532,347.1648,,299,358.00049,59.00049
4,377,379,315,233,198,197,366.73303,363.01852,362.30557,350.30984,351.51993,341.9112,,283.1666667,355.9663483,72.79968167
5,379,315,233,198,197,226,369.63403,355.08136,355.9275,335.387,325.88028,318.0928,,258,343.3338283,85.33382833
6,315,233,198,197,226,237,385.81763,367.04465,363.25885,340.89987,332.93338,324.58252,,234.3333333,352.4228167,118.0894833
7,233,198,197,226,237,200,359.7132,340.1496,342.28378,327.63855,322.55045,312.093,,215.1666667,334.07143,118.9047633
8,198,197,226,237,200,201,303.35333,292.97766,306.90558,300.51715,296.3593,286.27557,,209.8333333,297.7314317,87.89809833
9,197,226,237,200,201,193,259.479,262.71747,280.86984,274.8556,270.19427,263.12494,,209,268.5401867,59.54018667
10,226,237,200,201,193,217,245.62971,254.8396,268.36426,260.4684,257.01602,252.47493,,212.3333333,256.4654867,44.13215333
11,237,200,201,193,217,203,253.53825,258.39218,263.26053,251.90775,248.48276,245.34547,,208.5,253.4878233,44.98782333
12,200,201,193,217,203,287,258.54822,254.80539,253.44286,240.57387,237.30183,233.7485,,216.8333333,246.403445,29.57011167
13,201,193,217,203,287,155,237.21043,227.92603,228.11148,218.73604,215.88063,210.58246,,209.3333333,223.0745117,13.74117833
14,193,217,203,287,155,164,221.47925,212.52069,214.7387,206.03474,200.7597,194.74617,,203.1666667,208.379875,5.213208333
15,217,203,287,155,164,149,209.18536,203.20744,204.10568,193.86038,187.4505,182.50726,,195.8333333,196.7194367,0.886103333
16,203,287,155,164,149,136,217.2734,210.0836,205.77644,192.39928,185.66101,181.28755,,182.3333333,198.74688,16.41354667
17,287,155,164,149,136,138,212.58263,201.98671,195.69044,183.2496,177.79207,173.2797,,171.5,190.763525,19.263525
18,155,164,149,136,138,123,251.60168,234.95569,221.68079,201.22336,191.6065,187.65927,,144.1666667,214.7878817,70.621215
19,164,149,136,138,123,103,193.48337,177.39323,171.89369,163.4643,161.91031,156.55759,,135.5,170.7837483,35.28374833
20,149,136,138,123,103,80,159.11102,148.21274,150.26144,145.81624,141.21948,135.73524,,121.5,146.7260267,25.22602667
21,136,138,123,103,80,72,134.13918,132.97726,135.25443,128.4302,122.25713,121.16405,,108.6666667,129.0370417,20.370375
22,138,123,103,80,72,65,119.6467,121.20097,118.59649,110.814995,108.42747,110.08493,,96.83333333,114.7952592,17.96192583
23,123,103,80,72,65,71,120.33963,116.29312,109.34711,105.223045,104.99629,105.103294,,85.66666667,110.2170815,24.55041483
24,103,80,72,65,71,137,99.95345,93.911964,88.67105,83.92287,82.32082,82.98576,,88,88.62765233,0.627652333
25,80,72,65,71,137,154,79.48945,73.995186,69.76807,68.48713,68.44799,68.80563,,96.5,71.49890933,25.00109067
26,72,65,71,137,154,168,50.156704,47.345863,45.51186,47.307503,47.767296,48.66237,,111.1666667,47.79193267,63.374734
27,65,71,137,154,168,187,28.268286,28.911785,27.421255,30.139492,30.83497,33.228764,,130.3333333,29.80075867,100.5325747
28,71,137,154,168,187,206,14.333855,16.127552,12.855918,16.452307,18.19933,21.94296,,153.8333333,16.651987,137.1813463
29,137,154,168,187,206,231,14.466749,14.080996,7.534051,9.916347,11.870044,16.720676,,180.5,12.43147717,168.0685228
30,154,168,187,206,231,255,72.34481,69.35097,57.8468,53.214306,53.591976,67.46228,,200.1666667,62.301857,137.8648097
31,168,187,206,231,255,275,131.9481,125.98384,112.06191,109.28454,120.54518,142.1937,,220.3333333,123.669545,96.66378833
32,187,206,231,255,275,300,179.08795,170.0032,169.82848,178.30733,198.63983,214.82478,,242.3333333,185.1152617,57.21807167
33,206,231,255,275,300,332,208.22725,206.22318,222.57939,240.50146,254.93976,268.0453,,266.5,233.41939,33.08061
34,231,255,275,300,332,353,233.07712,242.16731,260.27017,275.01114,286.3051,295.77823,,291,265.434845,25.565155
35,255,275,300,332,353,379,263.3452,271.63806,276.81006,286.3488,293.0854,299.1322,,315.6666667,281.72662,33.94004667
36,275,300,332,353,379,394,278.89328,283.4387,285.83093,292.63327,298.64108,303.98798,,338.8333333,290.5708733,48.26246
37,300,332,353,379,394,428,293.1542,294.35312,295.31003,299.60812,304.838,309.0552,,364.3333333,299.386445,64.94688833
38,332,353,379,394,428,443,311.03796,309.39178,308.75677,310.41962,314.232,317.516,,388.1666667,311.892355,76.27431167
39,353,379,394,428,443,469,332.76855,328.8219,325.39926,323.83246,326.43835,328.96585,,411,327.704395,83.295605
40,379,394,428,443,469,493,350.7172,343.88644,338.261,334.69888,336.82217,337.89362,,434.3333333,340.379885,93.95344833
41,394,428,443,469,493,502,368.8487,358.90045,352.02618,346.3535,347.0024,346.61444,,454.8333333,353.290945,101.5423883
42,428,443,469,493,502,522,381.97818,370.99667,363.92587,356.96988,356.81082,355.77722,,476.1666667,364.4097733,111.7568933
43,443,469,493,502,522,541,405.2083,393.73932,384.91702,375.5191,374.76248,374.22284,,495,384.7281767,110.2718233
44,469,493,502,522,541,555,425.2822,413.10986,403.70392,393.62387,394.2667,393.62473,,513.6666667,403.9352133,109.7314533
45,493,502,522,541,555,580,446.00293,432.0815,423.3855,412.73505,413.26077,411.82635,,532.1666667,423.21535,108.9513167
46,502,522,541,555,580,625,464.81308,449.2344,440.44052,428.6011,427.78735,424.85358,,554.1666667,439.2883383,114.8783283
47,522,541,555,580,625,614,474.59186,457.8538,447.96335,435.0537,433.0634,428.64563,,572.8333333,446.19529,126.6380433
48,541,555,580,625,614,600,488.47766,470.86392,459.20065,444.8093,441.40393,436.11383,,585.8333333,456.8115483,129.021785
49,555,580,625,614,600,636,504.04367,485.87265,472.99567,456.4183,452.57126,447.02008,,601.6666667,469.8202717,131.846395
50,580,625,614,600,636,614,518.0146,498.86618,486.36093,469.54486,466.11597,459.92212,,611.5,483.1374433,128.3625567
51,625,614,600,636,614,629,536.4648,515.69464,502.527,484.53067,480.3201,473.37793,,619.6666667,498.81919,120.8474767
52,614,600,636,614,629,647,563.54205,539.6903,523.40137,501.72205,495.90985,487.37134,,623.3333333,518.60616,104.7271733
53,600,636,614,629,647,664,569.8665,544.0319,528.3031,508.32047,503.14862,493.02496,,631.6666667,524.4492583,107.2174083
54,636,614,629,647,664,674,567.4832,542.888,530.8773,513.3319,508.1048,497.3396,,644,526.6708,117.3292
55,614,629,647,664,674,677,585.33014,563.2939,551.44257,530.2388,523.03644,513.09,,650.8333333,544.4053083,106.428025
56,629,647,664,674,677,705,587.6394,567.4698,557.1756,536.9949,532.5318,523.16833,,666,550.8299717,115.1700283
57,647,664,674,677,705,723,599.5553,578.55695,569.2158,549.9239,545.42816,534.39526,,681.6666667,562.845895,118.8207717
58,664,674,677,705,723,736,610.75696,589.67694,580.4345,559.51984,553.5893,543.0337,,696.5,572.8352067,123.6647933
59,674,677,705,723,736,758,625.5356,604.31195,593.9427,571.5652,566.39825,556.1071,,712.1666667,586.3101333,125.8565333
60,677,705,723,736,758,761,639.4879,616.35864,606.8854,585.5134,581.13934,569.5362,,726.6666667,599.8201467,126.84652
61,705,723,736,758,761,784,644.5429,621.3311,614.8629,594.2182,589.1076,577.3893,,744.5,606.9086667,137.5913333
62,723,736,758,761,784,789,660.7627,638.45044,631.44366,609.205,603.44476,591.7547,,758.5,622.51021,135.98979
63,736,758,761,784,789,199,676.2562,652.9397,644.2214,620.5857,614.9019,602.963,,671.1666667,635.3113167,35.85535
64,758,761,784,789,199,864,688.90125,663.50775,654.8775,631.29596,625.57794,611.87714,,692.5,646.0062567,46.49374333
65,761,784,789,199,864,788,700.9364,673.9342,665.3878,641.3444,633.8683,619.1073,,697.5,655.7630667,41.73693333
66,784,789,199,864,788,877,709.86395,683.04663,674.22205,649.57117,641.77374,626.5021,,716.8333333,664.1632733,52.67006
67,789,199,864,788,877,877,726.90594,699.3162,689.2748,663.4617,655.44464,639.33466,,732.3333333,678.9563233,53.37701
68,199,864,788,877,877,886,736.37646,708.41785,700.0331,674.7263,666.8693,649.8932,,748.5,689.386035,59.113965
69,864,788,877,877,886,884,505.31818,498.73572,535.2193,549.85956,560.737,541.09015,,862.6666667,531.8266517,330.840015
70,788,877,877,886,884,909,679.6426,681.7715,691.9223,662.45734,636.94653,624.0972,,870.1666667,662.806245,207.3604217
71,877,877,886,884,909,920,739.23456,734.9117,719.2824,672.0268,664.8378,660.2963,,892.1666667,698.4315933,193.7350733
72,877,886,884,909,920,913,799.8461,762.0254,734.0039,702.85474,706.1545,690.56323,,898.1666667,732.574645,165.5920217
73,886,884,909,920,913,936,794.4598,743.2955,735.4433,718.0041,713.17285,689.4544,,908,732.3049917,175.6950083
74,884,909,920,913,936,987,775.895,739.8683,742.18506,715.10614,700.8771,684.67786,,924.8333333,726.43491,198.3984233
75,909,920,913,936,987,980,824.3455,793.8245,788.4803,764.3034,757.4728,737.9888,,940.8333333,777.7358833,163.09745
76,920,913,936,987,980,426,836.0249,807.4812,802.17365,775.13544,766.5207,747.8077,,860.3333333,789.1905983,71.142735
77,913,936,987,980,426,1018,855.181,827.24854,821.90076,795.4724,788.87024,770.3418,,876.6666667,809.83579,66.83087667
78,936,987,980,426,1018,954,860.5856,832.8518,830.57837,806.0663,800.7669,782.3468,,883.5,818.8659617,64.63403833
79,987,980,426,1018,954,619,872.7818,845.64545,845.2603,820.6478,814.76526,796.57434,,830.6666667,832.6124917,1.945825
80,980,426,1018,954,619,943,897.45306,869.0817,866.1518,838.2642,831.0497,812.8154,,823.3333333,852.46931,29.13597667
81,426,1018,954,619,943,958,900.8847,870.32086,866.79346,840.7023,834.73553,815.41034,,819.6666667,854.807865,35.14119833
82,1018,954,619,943,958,381,686.77856,673.99445,711.573,721.5623,730.4794,708.5668,,812.1666667,705.4924183,106.6742483
83,954,619,943,958,381,1053,836.4062,832.9171,847.5869,817.14813,792.53406,777.1473,,818,817.2899483,0.710051667
84,619,943,958,381,1053,356,880.2937,872.08405,862.7137,815.67084,808.781,800.2031,,718.3333333,839.9577317,121.6243983
85,943,958,381,1053,356,239,770.68506,748.1345,755.24634,749.6505,764.46344,745.2266,,655,755.56774,100.56774
86,958,381,1053,356,239,295,831.6151,806.06836,821.01385,804.7308,792.21185,771.5144,,547,804.5257267,257.5257267
87,381,1053,356,239,295,309,845.7911,831.32263,836.9545,796.7772,785.99506,776.83594,,438.8333333,812.279405,373.4460717
88,1053,356,239,295,309,820,671.0209,660.8288,691.47363,700.419,720.0798,700.513,,512,690.7225217,178.7225217
89,356,239,295,309,820,969,831.84955,818.81384,830.29376,801.9517,778.6857,760.2334,,498,803.6379917,305.6379917
90,239,295,309,820,969,816,628.0441,635.14526,668.0182,655.3599,664.184,653.89355,,574.6666667,650.7741683,76.10750167
91,295,309,820,969,816,945,504.57855,520.5908,574.435,594.5859,609.4499,591.3219,,692.3333333,565.8270083,126.506325
92,309,820,969,816,945,927,457.40665,494.35193,560.5661,567.62213,565.5248,551.4269,,797.6666667,532.8164183,264.8502483
93,820,969,816,945,927,938,448.36588,495.84964,540.2879,523.95197,523.7267,523.1184,,902.5,509.2167483,393.2832517
94,969,816,945,927,938,883,699.17096,702.5378,688.07275,646.68616,639.0985,630.95575,,913,667.7536533,245.2463467
95,816,945,927,938,883,962,798.3818,755.78894,722.2184,669.6567,661.1025,650.1907,,911.8333333,709.5565067,202.2768267
96,945,927,938,883,962,925,772.38446,707.6036,690.5004,667.95703,667.6996,645.0408,,930,691.864315,238.135685
97,927,938,883,962,925,905,802.4449,746.0169,746.619,726.5009,710.5508,683.64056,,923.3333333,735.9621767,187.3711567
98,938,883,962,925,905,893,818.8928,784.4924,789.5433,758.1291,740.6584,721.03107,,917.6666667,768.7911783,148.8754883
99,883,962,925,905,893,868,864.84174,834.95056,830.6056,800.79944,792.1143,771.7011,,906,815.8354567,90.16454333
100,962,925,905,893,868,865,850.5527,820.4678,821.7689,798.55145,792.03326,769.821,,903,808.8658517,94.13414833
101,925,905,893,868,865,887,866.33545,838.8346,839.5118,809.3355,797.913,778.31525,,890.5,821.7076,68.7924
102,905,893,868,865,887,268,868.56335,840.8442,839.1708,810.1152,803.71765,784.7177,,781,824.5214833,43.52148333
103,893,868,865,887,268,866,855.98615,826.68604,826.22327,800.38605,794.69696,774.09045,,774.5,813.0114867,38.51148667
104,868,865,887,268,866,592,846.3728,817.1438,819.261,793.5075,785.10425,763.14594,,724.3333333,804.089215,79.75588167
105,865,887,268,866,592,850,830.6071,803.78076,805.5202,778.0872,768.5004,746.76044,,721.3333333,788.8760167,67.54268333
106,887,268,866,592,850,869,827.76953,800.8439,799.6343,771.43286,760.897,738.1895,,722,783.1278483,61.12784833
107,268,866,592,850,869,472,829.54236,800.54926,797.3162,766.03705,753.3492,730.9122,,652.8333333,779.6177117,126.7843783
108,866,592,850,869,472,869,582.7566,572.73157,612.29987,619.8481,625.9622,601.3972,,753,602.4992567,150.5007433
109,592,850,869,472,869,363,718.11554,715.2183,730.615,698.4283,668.71747,648.8853,,669.1666667,696.6633183,27.49665167
110,850,869,472,869,363,214,672.7369,670.28564,674.6226,636.36487,626.4015,613.10205,,606.1666667,648.9189267,42.75226
111,869,472,869,363,214,356,759.3246,728.8264,708.7618,669.9615,658.6759,637.6235,,523.8333333,693.8622833,170.02895
112,472,869,363,214,356,275,779.094,729.35486,715.09125,680.0161,665.3294,637.82776,,424.8333333,701.118895,276.2855617
113,869,363,214,356,275,713,604.1893,569.94324,589.3158,577.8199,571.1385,546.8427,,465,576.5415733,111.5415733
114,363,214,356,275,713,211,736.17554,707.3066,710.42017,678.7006,653.21783,628.94135,,355.3333333,685.7936817,330.4603483
115,214,356,275,713,211,166,563.0909,552.9356,576.19775,557.88983,552.84357,535.3546,,322.5,556.385375,233.885375
116,356,275,713,211,166,150,437.50616,442.61288,484.2684,491.79657,493.24985,473.18057,,311.8333333,470.4357383,158.602405
117,275,713,211,166,150,162,427.70233,447.47,484.9027,473.86102,458.18204,444.02298,,279.5,456.0235117,176.5235117
118,713,211,166,150,162,163,392.40247,415.40955,435.25903,411.33005,403.0917,397.22647,,260.8333333,409.1198783,148.286545
119,211,166,150,162,163,195,587.1912,571.33124,547.22455,504.43515,487.9492,475.1062,,174.5,528.8729233,354.3729233
120,166,150,162,163,195,164,411.791,381.9444,386.36597,375.2955,377.46494,358.9161,,166.6666667,381.962985,215.2963183
121,150,162,163,195,164,220,294.15836,277.83212,311.7157,319.66132,313.1148,290.376,,175.6666667,301.14305,125.4763833
122,162,163,195,164,220,266,241.67543,257.0141,297.62683,295.1586,278.9247,264.95642,,195,272.5593467,77.55934667
123,163,195,164,220,266,330,236.94075,264.1223,283.9567,267.67245,256.90295,252.55222,,223,260.357895,37.357895
124,195,164,220,266,330,333,258.6426,266.9271,270.86993,263.47333,262.13937,252.28519,,251.3333333,262.3895867,11.05625333
125,164,220,266,330,333,276,239.05127,235.76942,242.08597,231.45915,224.042,215.08293,,264.8333333,231.2484567,33.58487667
126,220,266,330,333,276,556,226.05798,219.90376,226.93599,218.15993,211.94261,202.54399,,330.1666667,217.59071,112.5759567
127,266,330,333,276,556,300,239.51744,230.94968,234.42897,222.01064,212.39833,203.07637,,343.5,223.7302383,119.7697617
128,330,333,276,556,300,391,266.95804,254.38469,250.66042,231.99048,220.22102,211.54837,,364.3333333,239.2938367,125.0394967
129,333,276,556,300,391,543,306.99582,285.8128,273.53897,248.88417,236.04579,226.95322,,399.8333333,263.0384617,136.7948717
130,276,556,300,391,543,325,321.49496,292.261,278.18222,254.61118,242.93745,231.52661,,398.5,270.1689033,128.3310967
131,556,300,391,543,325,257,291.9123,263.473,257.3163,239.51918,228.83606,215.25246,,395.3333333,249.3848833,145.94845
132,300,391,543,325,257,217,412.88293,378.9761,354.76508,313.57706,289.58746,278.61105,,338.8333333,338.0666133,0.76672
133,391,543,325,257,217,404,346.52182,313.01276,296.3277,272.16245,266.90085,255.16638,,356.1666667,291.6819933,64.48467333
134,543,325,257,217,404,177,352.9824,318.07053,307.91635,288.05206,276.96045,262.05896,,320.5,301.0067917,19.49320833
135,325,257,217,404,177,152,425.58444,392.6472,372.34396,331.72205,309.55667,300.53506,,255.3333333,355.39823,100.0648967
136,257,217,404,177,152,90,349.13284,318.75613,302.2838,275.82147,271.25153,260.808,,216.1666667,296.342295,80.17562833
137,217,404,177,152,90,68,282.4564,252.96347,249.42068,242.71959,236.65897,218.85078,,184.6666667,247.178315,62.51164833
138,404,177,152,90,68,50,203.25093,194.82013,200.49586,184.6366,167.59036,157.9287,,156.8333333,184.7870967,27.95376333
139,177,152,90,68,50,28,299.44412,290.75424,265.474,224.37938,204.59207,202.14731,,94.16666667,247.79852,153.6318533
140,152,90,68,50,28,12,229.42969,208.36546,185.14662,169.55505,171.72041,163.60999,,66.66666667,187.9712033,121.3045367
141,90,68,50,28,12,7,147.3514,125.93665,123.970085,120.73132,116.63744,104.8408,,42.5,123.2446158,80.74461583
142,68,50,28,12,7,6,67.15979,66.01531,74.03254,70.66752,60.548397,55.344578,,28.5,65.6280225,37.1280225
143,50,28,12,7,6,6,22.65753,34.2456,34.79737,28.178759,22.405014,23.170845,,18.16666667,27.575853,9.409186333
144,28,12,7,6,6,38,4.3580527,10.684056,2.0010586,4.337583,4.189327,3.9750283,,16.16666667,4.924184267,11.2424824
145,12,7,6,6,38,37,2,2,2,2,2,2,,17.66666667,2,15.66666667
146,7,6,6,38,37,43,2,2,2,2,2,2,,22.83333333,2,20.83333333
147,6,6,38,37,43,50,2,2,2,2,2,2,,30,2,28
148,6,38,37,43,50,70,2,2,2,2,2,2,,40.66666667,2,38.66666667
149,38,37,43,50,70,74,2,2,2,2,2,2,,52,2,50
150,37,43,50,70,74,82,2,2,2,2,2,2,,59.33333333,2,57.33333333
151,43,50,70,74,82,106,2,2,2,2,2,2,,70.83333333,2,68.83333333
152,50,70,74,82,106,114,2,2,2,16.537493,41.06671,62.1606,,82.66666667,20.9608005,61.70586617
153,70,74,82,106,114,123,13.000649,25.806,47.7709,81.105,103.07127,122.12397,,94.83333333,65.4796315,29.35370183
154,74,82,106,114,123,121,52.23685,70.53231,93.57527,123.19178,141.62721,156.30104,,103.3333333,106.2440767,2.910743333
155,82,106,114,123,121,130,78.74862,94.06476,106.74378,130.27524,142.678,153.99213,,112.6666667,117.7504217,5.083755
156,106,114,123,121,130,129,89.877495,102.5187,114.868706,136.8954,147.97873,158.11356,,120.5,125.0420985,4.5420985
157,114,123,121,130,129,116,110.32064,121.7667,132.47256,150.79736,159.61969,169.25555,,122.1666667,140.7054167,18.53875
158,123,121,130,129,116,118,126.28671,136.40697,145.54283,161.30188,169.46313,178.51672,,122.8333333,152.9197067,30.08637333
159,121,130,129,116,118,134,138.63158,146.63785,155.2434,170.5071,178.26797,185.96155,,124.6666667,162.541575,37.87490833
160,130,129,116,118,134,137,141.28569,148.98828,158.58838,173.38739,180.18153,186.81842,,127.3333333,164.8749483,37.541615
161,129,116,118,134,137,152,147.74408,156.48424,166.20355,179.51497,185.37631,191.65308,,131,171.162705,40.162705
162,116,118,134,137,152,166,153.1568,162.51364,171.94553,185.00629,191.26518,197.04955,,137.1666667,176.8228317,39.656165
163,118,134,137,152,166,171,148.33076,158.23993,169.51439,183.88141,191.08107,196.10419,,146.3333333,174.5252917,28.19195833
164,134,137,152,166,171,163,148.05775,158.82248,171.27722,185.53337,191.96617,196.5093,,153.8333333,175.3610483,21.527715
165,137,152,166,171,163,184,158.63962,169.69887,180.40837,191.6648,196.87885,201.62628,,162.1666667,183.1527983,20.98613167
166,152,166,171,163,184,210,170.5132,179.77283,188.4157,198.29997,203.79031,208.14539,,174.3333333,191.4895667,17.15623333
167,166,171,163,184,210,224,183.1871,189.81673,197.7286,206.68863,211.94897,215.97226,,186.3333333,200.8903817,14.55704833
168,171,163,184,210,224,265,196.28572,201.36739,209.22295,216.1982,220.5663,224.11748,,202.8333333,211.2930067,8.459673333
169,163,184,210,224,265,266,207.22675,211.14331,219.38571,225.2646,228.97418,231.58282,,218.6666667,220.5962283,1.929561667
170,184,210,224,265,266,264,209.09334,212.86737,222.36804,229.06166,232.42166,233.90723,,235.5,223.28655,12.21345
171,210,224,265,266,264,287,220.85602,225.06413,233.32852,237.53844,239.16844,240.17123,,252.6666667,232.6877967,19.97887
172,224,265,266,264,287,300,243.619,246.68495,252.04713,252.57661,253.29736,254.01625,,267.6666667,250.37355,17.29311667
173,265,266,264,287,300,303,263.99112,264.20538,268.3749,267.7564,268.93066,268.9815,,280.8333333,267.0399933,13.79334
174,266,264,287,300,303,307,295.5568,292.00436,294.38992,290.76862,290.354,289.15753,,287.8333333,292.0385383,4.205205
175,264,287,300,303,307,346,312.02405,306.7196,309.81088,305.49857,305.1049,303.0371,,301.1666667,307.0325167,5.86585
176,287,300,303,307,346,357,318.0819,313.47226,319.89163,317.47614,317.63205,314.52563,,316.6666667,316.8466017,0.179935
177,300,303,307,346,357,348,332.65366,330.12305,338.47144,334.65433,333.62714,330.26727,,326.8333333,333.2994817,6.466148333
178,303,307,346,357,348,318,348.85275,347.92905,356.51675,350.76297,349.92938,347.44135,,329.8333333,350.2387083,20.405375
179,307,346,357,348,318,319,359.487,358.5229,367.86295,363.29114,364.35294,361.6387,,332.5,362.5259383,30.02593833
180,346,357,348,318,319,337,364.63892,363.48477,374.93774,370.7893,371.76035,368.12918,,337.5,368.95671,31.45671
181,357,348,318,319,337,389,383.5698,381.97174,392.28232,384.7722,383.38202,379.70474,,344.6666667,384.28047,39.61380333
182,348,318,319,337,389,549,401.8664,398.49826,406.12405,396.6273,395.0271,390.5472,,376.6666667,398.1150517,21.448385
183,318,319,337,389,549,962,405.1667,399.90088,408.0629,400.17593,399.20056,393.2124,,479,400.9532283,78.04677167
184,319,337,389,549,962,641,392.98337,389.62003,402.3866,397.40146,396.71323,389.60025,,532.8333333,394.7841567,138.0491767
185,337,389,549,962,641,369,390.5597,391.32916,407.142,401.50024,399.9817,392.5914,,541.1666667,397.1840333,143.9826333
186,389,549,962,641,369,338,400.94492,403.73706,418.3053,410.6596,408.7494,402.20712,,541.3333333,407.4339,133.8994333
187,549,962,641,369,338,326,430.23355,430.28912,439.5169,427.64163,425.32114,419.16388,,530.8333333,428.69437,102.1389633
188,962,641,369,338,326,324,512.7134,501.75882,497.4843,473.7393,466.70975,460.1813,,493.3333333,485.431145,7.902188333
189,641,369,338,326,324,459,714.69104,677.7131,640.69946,588.86993,571.14795,563.7986,,409.5,626.1533467,216.6533467
190,369,338,326,324,459,400,659.0192,606.16986,583.0561,560.13965,563.063,546.3264,,369.3333333,586.2957017,216.9623683
191,338,326,324,459,400,490,513.8316,475.67764,497.23178,509.3422,510.46286,484.58072,,389.5,498.5211333,109.0211333
192,326,324,459,400,490,973,442.34476,447.83054,493.02527,496.45538,483.54166,465.7589,,495.3333333,471.4927517,23.84058167
193,324,459,400,490,973,511,443.10126,476.63138,508.42432,494.8789,487.82416,481.4295,,526.1666667,482.0482533,44.11841333
194,459,400,490,973,511,515,465.1244,489.65448,506.63434,498.21066,503.8435,496.72134,,558,493.3647867,64.63521333
195,400,490,973,511,515,401,498.9836,506.6466,518.9188,504.52365,505.87756,499.21555,,548.3333333,505.6942933,42.63904
196,490,973,511,515,401,402,486.81314,485.06857,502.53333,491.57742,496.68546,490.34076,,548.6666667,492.16978,56.49688667
197,973,511,515,401,402,308,519.1007,511.02722,527.53296,515.8974,517.18646,508.8263,,518.3333333,516.5951733,1.73816
198,511,515,401,402,308,299,728.00806,702.7194,683.11017,635.607,618.3695,611.2499,,406,663.1773383,257.1773383
199,515,401,402,308,299,699,628.4496,594.1073,589.62537,572.4628,581.35895,568.395,,437.3333333,589.0665033,151.73317
200,401,402,308,299,699,407,586.6004,556.1077,575.7601,578.64386,577.41644,553.9713,,419.3333333,571.4166333,152.0833
201,402,308,299,699,407,1191,522.72076,525.4762,565.2952,561.15155,552.41406,535.88806,,551,543.824305,7.175695
202,308,299,699,407,1191,457,524.32983,547.8844,578.6076,565.3938,562.39667,553.8968,,560.1666667,555.4181833,4.748483333
203,299,699,407,1191,457,1199,507.0175,526.6896,558.59216,557.41583,566.11035,554.05786,,708.6666667,544.98055,163.6861167
204,699,407,1191,457,1199,1110,454.08414,474.95,517.63495,517.3487,522.72955,514.9346,,843.8333333,500.2803233,343.55301
205,407,1191,457,1199,1110,1076,614.1542,622.8839,634.81116,604.855,596.4031,591.09296,,906.6666667,610.7000533,295.9666133
206,1191,457,1199,1110,1076,1119,563.27576,556.94543,572.3083,557.2179,566.5079,559.433,,1025.333333,562.614715,462.7186183
207,457,1199,1110,1076,1119,773,840.68384,802.3024,774.896,723.6799,701.95795,689.93274,,955.6666667,755.5754717,200.091195
208,1199,1110,1076,1119,773,1127,652.1511,614.2094,623.7621,613.26984,624.7451,607.6594,,1067.333333,622.6328233,444.70051
209,1110,1076,1119,773,1127,826,863.5529,818.758,805.5517,768.4925,743.06793,723.5883,,1005.166667,787.168555,217.9981117
210,1076,1119,773,1127,826,426,917.55634,872.5561,852.48376,806.7199,795.3596,776.0791,,891.1666667,836.7924667,54.3742
211,1119,773,1127,826,426,564,923.94336,871.09045,847.9596,815.39386,809.4347,786.2997,,805.8333333,842.3536117,36.52027833
212,773,1127,826,426,564,644,971.62976,913.67896,900.68097,880.59863,869.3712,836.9845,,726.6666667,895.49067,168.8240033
213,1127,826,426,564,644,345,825.63354,797.49286,815.3192,801.00494,792.89856,770.05725,,655.3333333,800.4010583,145.067725
214,826,426,564,644,345,426,973.10535,951.2892,946.64777,913.94525,896.9932,875.90125,,538.5,926.31367,387.81367
215,426,564,644,345,426,366,888.7553,872.2984,879.20856,855.1426,855.6948,837.954,,461.8333333,864.8422767,403.0089433
216,564,644,345,426,366,350,698.16455,694.3747,738.0302,749.868,760.4561,738.4207,,449.1666667,729.8857083,280.7190417
217,644,345,426,366,350,551,666.7543,682.83386,735.96594,734.28986,723.77783,706.88055,,447,708.4170567,261.4170567
218,345,426,366,350,551,491,689.86566,717.09625,744.381,712.0231,702.00507,697.22284,,421.5,710.43232,288.93232
219,426,366,350,551,491,458,606.201,619.23505,647.1581,641.8854,655.9086,644.1631,,440.3333333,635.7585417,195.4252083
220,366,350,551,491,458,417,555.1923,561.60406,604.3368,605.3199,606.5502,590.19415,,438.8333333,587.1995683,148.366235
221,350,551,491,458,417,488,503.92508,521.65326,568.1153,559.24426,555.4868,545.34357,,459.1666667,542.2947117,83.128045
222,551,491,458,417,488,484,497.78085,515.0504,550.9557,541.54877,542.2404,531.9275,,481.5,529.91727,48.41727
223,491,458,417,488,484,537,571.5969,574.2647,591.79114,570.5823,562.70715,550.303,,479.1666667,570.2075317,91.040865
224,458,417,488,484,537,482,564.5947,556.69366,570.8116,548.52673,543.35297,531.5805,,477.6666667,552.59336,74.92669333
225,417,488,484,537,482,427,548.9816,534.5751,553.9102,542.1927,539.13434,522.54663,,472.5,540.2234283,67.72342833
226,488,484,537,482,427,457,513.18463,506.15173,537.3218,528.54944,521.7187,505.6477,,479.1666667,518.7623333,39.59566667
227,484,537,482,427,457,417,536.7139,537.24835,562.33936,543.1554,532.99005,521.11664,,467.3333333,538.9272833,71.59395
228,537,482,427,457,417,1013,557.0663,554.3316,571.466,551.6541,547.25616,534.7237,,555.5,552.7496433,2.750356667
229,482,427,457,417,1013,1013,575.8404,564.5465,577.5899,556.72687,550.57227,536.0771,,634.8333333,560.2255067,74.60782667
230,427,457,417,1013,1013,693,556.58826,542.02576,559.28156,542.31085,536.5722,519.8655,,670,542.7740217,127.2259783
231,457,417,1013,1013,693,371,521.32184,511.05576,534.17065,521.17804,513.80023,496.86127,,660.6666667,516.397965,144.2687017
232,417,1013,1013,693,371,328,520.14154,515.4142,536.95966,520.24695,509.8746,494.2118,,639.1666667,516.1414583,123.0252083
233,1013,1013,693,371,328,303,503.362,501.17163,520.53467,502.40872,494.074,480.41,,620.1666667,500.3268367,119.83983
234,1013,693,371,328,303,351,741.13995,715.6142,691.1849,633.3288,607.0111,595.622,,509.8333333,663.9834917,154.1501583
235,693,371,328,303,351,291,816.6668,757.5962,714.8573,658.53314,649.0661,633.0947,,389.5,704.96904,315.46904
236,371,328,303,351,291,278,705.382,633.26605,620.8081,607.612,607.8978,576.80115,,320.3333333,625.2945167,304.9611833
237,328,303,351,291,278,263,516.8917,480.1661,520.67096,530.5698,519.09174,488.55737,,302.3333333,509.3246117,206.9912783
238,303,351,291,278,263,403,434.07404,450.26273,498.28525,487.67468,467.16238,453.0493,,314.8333333,465.08473,150.2513967
239,351,291,278,263,403,271,438.16913,470.8092,491.58533,471.74258,464.09732,456.72427,,309.5,465.521305,156.021305
240,291,278,263,403,271,293,443.34323,460.16888,465.57635,445.58267,443.42285,435.80554,,299.8333333,448.9832533,149.14992
241,278,263,403,271,293,337,395.82086,396.17322,406.5794,394.04132,394.00775,383.81842,,307.5,395.073495,87.573495
242,263,403,271,293,337,294,351.31757,346.65817,363.2756,353.30887,349.02945,338.0313,,310.1666667,350.27016,40.10349333
243,403,271,293,337,294,298,326.9682,324.69534,341.08725,330.20242,323.1414,312.83694,,316,326.4885917,10.48859167
244,271,293,337,294,298,288,381.52826,374.77353,375.19534,350.0435,336.84946,328.62894,,296.8333333,357.836505,61.00317167
245,293,337,294,298,288,300,352.01395,339.29486,339.87674,323.4981,319.88535,310.16187,,301.6666667,330.7884783,29.12181167
246,337,294,298,288,300,359,333.6457,319.10748,325.91193,314.49915,308.54297,296.95712,,312.6666667,316.4440583,3.777391667
247,294,298,288,300,359,435,344.08255,333.70862,339.33124,320.9317,309.98315,300.8001,,329,324.8062267,4.193773333
248,298,288,300,359,435,362,334.6155,325.0672,327.10327,308.07938,300.79144,292.7269,,340.3333333,314.730615,25.60271833
249,288,300,359,435,362,242,333.07886,318.67307,318.56094,303.672,296.94135,285.4176,,331,309.3906367,21.60936333
250,300,359,435,362,242,190,313.52823,300.383,301.92294,284.87225,274.51483,264.2739,,314.6666667,289.9158583,24.75080833
251,359,435,362,242,190,171,314.66977,302.55917,300.69135,281.35205,271.45297,262.69263,,293.1666667,288.90299,4.263676667
252,435,362,242,190,171,180,346.11383,328.9295,319.87964,295.47946,284.3484,275.77908,,263.3333333,308.4216517,45.08831833
253,362,242,190,171,180,156,391.83203,364.64893,347.11804,315.45056,302.53857,293.3817,,216.8333333,335.828305,118.9949717
254,242,190,171,180,156,128,368.12665,334.42157,320.03226,296.25412,287.44016,274.33167,,177.8333333,313.434405,135.6010717
255,190,171,180,156,128,110,284.14737,257.4209,258.90738,247.70169,238.80165,223.26576,,155.8333333,251.7074583,95.874125
256,171,180,156,128,110,90,215.68423,207.00769,217.33731,206.79597,193.6519,182.84694,,139.1666667,203.88734,64.72067333
257,180,156,128,110,90,89,181.5117,186.64394,191.36594,177.27847,166.679,162.57576,,125.5,177.6758017,52.17580167
258,156,128,110,90,89,106,180.56247,183.25148,177.9261,163.48796,157.30638,154.7801,,113.1666667,169.552415,56.38574833
259,128,110,90,89,106,113,161.24648,156.27911,150.24588,139.8502,136.18408,133.32547,,106,146.1885367,40.18853667
260,110,90,89,106,113,192,126.91914,119.77789,117.46999,111.092224,107.72691,105.02676,,116.6666667,114.668819,1.997847667
261,90,89,106,113,192,175,94.34902,90.26447,90.43858,86.07086,82.41711,80.90222,,127.5,87.40704333,40.09295667
262,89,106,113,192,175,154,66.47944,65.83779,66.30313,63.184124,60.06879,60.37189,,138.1666667,63.70752733,74.45913933
263,106,113,192,175,154,92,54.54277,54.440296,52.002384,49.388107,47.23761,48.512135,,138.6666667,51.02055033,87.64611633
264,113,192,175,154,92,66,60.229027,56.754475,48.462753,43.011135,40.00534,41.836647,,132,48.3832295,83.6167705
265,192,175,154,92,66,72,68.06563,58.860382,46.153515,38.659863,35.93603,37.138134,,125.1666667,47.46892567,77.697741
266,175,154,92,66,72,72,129.45427,109.48837,86.39491,67.50254,59.408424,60.843872,,105.1666667,85.51539767,19.651269
267,154,92,66,72,72,79,142.4956,113.85719,88.07642,68.90267,64.37804,64.32084,,89.16666667,90.33846,1.171793333
268,92,66,72,72,79,94,123.05506,91.121506,71.61896,58.43057,55.368374,51.82864,,79.16666667,75.237185,3.929481667
269,66,72,72,79,94,100,51.755127,30.924755,24.974121,21.672752,19.36065,15.775414,,80.5,27.41046983,53.08953017
270,72,72,79,94,100,117,2,2,2,2.9554536,4.7610393,13.914136,,89,4.605104817,84.39489518
271,72,79,94,100,117,135,2,18.69395,26.511784,40.304703,53.987465,78.77852,,99.5,36.712737,62.787263
272,79,94,100,117,135,158,35.09158,63.54737,77.33951,100.44362,128.1172,153.37291,,113.8333333,92.985365,20.84796833
273,94,100,117,135,158,167,75.74781,100.87358,125.72727,161.08829,188.28117,208.85059,,128.5,143.4281183,14.92811833
274,100,117,135,158,167,185,103.01744,126.02996,152.35445,184.07442,205.44167,219.75856,,143.6666667,165.11275,21.44608333
275,117,135,158,167,185,193,118.364784,136.28487,151.68079,173.70235,186.24988,197.67424,,159.1666667,160.6594857,1.492819
276,135,158,167,185,193,194,134.62503,148.91493,162.02216,181.3535,192.20651,202.5992,,172,170.2868883,1.713111667
277,158,167,185,193,194,207,153.49802,165.07396,175.87212,191.57559,200.61205,210.37595,,184,182.834615,1.165385
278,167,185,193,194,207,206,176.59789,185.2937,193.49715,205.84274,213.56451,222.6174,,192,199.5688983,7.568898333
279,185,193,194,207,206,221,191.76015,197.87877,205.28136,216.60812,223.99629,231.7768,,201,211.216915,10.216915
280,193,194,207,206,221,236,205.41176,210.26396,217.88321,227.49785,233.45284,240.53117,,209.5,222.5067983,13.00679833
281,194,207,206,221,236,201,217.77539,222.4908,229.79257,237.91133,243.20576,249.51187,,210.8333333,233.4479533,22.61462
282,207,206,221,236,201,175,224.42009,229.03412,236.64548,244.44417,249.67998,254.55753,,207.6666667,239.796895,32.13022833
283,206,221,236,201,175,145,233.94106,238.34622,245.39655,252.08344,255.89516,259.80252,,197.3333333,247.5774917,50.24415833
284,221,236,201,175,145,121,239.31454,243.77318,250.47136,255.68922,259.11377,262.1387,,183.1666667,251.7501283,68.58346167
285,236,201,175,145,121,124,251.55457,255.05531,260.6504,264.20865,266.71478,269.2473,,167,261.2385017,94.23850167
286,201,175,145,121,124,148,266.30673,268.85425,273.4534,275.27295,277.54202,280.05566,,152.3333333,273.580835,121.2475017
287,175,145,121,124,148,140,256.47363,259.57245,267.99164,272.8946,277.50754,279.0849,,142.1666667,268.9207933,126.7541267
288,145,121,124,148,140,158,237.75473,244.35844,259.2366,268.2686,273.4312,274.6262,,139.3333333,259.6126283,120.279295
289,121,124,148,140,158,176,214.91696,228.31894,248.40572,259.30603,265.05377,267.0394,,144.5,247.17347,102.67347
290,124,148,140,158,176,142,196.48062,214.8842,236.82663,249.06781,256.09875,258.68857,,148,235.3410967,87.34109667
291,148,140,158,176,142,149,191.57596,211.15019,232.1542,244.32849,251.70998,254.76099,,152.1666667,230.946635,78.77996833
292,140,158,176,142,149,149,201.9198,219.18463,236.45177,245.11617,251.64357,255.45218,,152.3333333,234.9613533,82.62802
293,158,176,142,149,149,151,206.62439,219.81009,235.64923,244.08618,251.5649,254.91344,,154.1666667,235.4413717,81.274705
294,176,142,149,149,151,167,216.2226,226.04237,241.82932,249.65288,256.02347,258.71826,,155.6666667,241.4148167,85.74815
295,142,149,149,151,167,138,231.93684,240.35513,255.05754,260.15262,265.04886,267.3863,,149.3333333,253.3228817,103.9895483
296,149,149,151,167,138,145,225.83247,234.64932,252.20572,259.81592,266.59314,268.12183,,149.8333333,251.2030667,101.3697333
297,149,151,167,138,145,182,225.54185,235.98553,256.49295,265.5203,271.88116,272.54224,,155.3333333,254.6606717,99.32733833
298,151,167,138,145,182,187,225.7604,239.40187,261.47525,269.3783,275.59445,277.00076,,161.6666667,258.1018383,96.43517167
299,167,138,145,182,187,302,231.24844,245.79398,267.49152,275.0024,282.28278,284.04556,,186.8333333,264.31078,77.47744667
300,138,145,182,187,302,940,242.89139,256.10785,277.28232,284.2858,291.91263,293.22168,,315.6666667,274.2836117,41.383055
301,145,182,187,302,940,364,234.1816,247.581,271.85263,280.85968,289.84418,291.37415,,353.3333333,269.2822067,84.05112667
302,182,187,302,940,364,337,232.90138,247.95082,274.7171,284.76154,294.15494,295.29782,,385.3333333,271.6306,113.7027333
303,187,302,940,364,337,299,250.94138,266.75314,291.85303,298.3665,306.29175,308.3487,,404.8333333,287.0924167,117.7409167
304,302,940,364,337,299,316,266.65222,280.90305,304.1583,309.14493,318.4924,321.15317,,426.3333333,300.0840117,126.2493217
305,940,364,337,299,316,211,327.09302,334.32178,348.82513,345.69086,350.94077,353.25085,,411.1666667,343.353735,67.81293167
306,364,337,299,316,211,179,639.2906,616.45435,577.65466,521.3694,500.8932,505.8325,,284.3333333,560.2491183,275.915785
307,337,299,316,211,179,164,526.12274,483.52676,465.062,449.7954,463.93445,459.4938,,251,474.6558583,223.6558583
308,299,316,211,179,164,154,434.74594,398.46695,420.39102,436.98486,440.33322,422.28342,,220.5,425.534235,205.034235
309,316,211,179,164,154,157,381.2752,390.93408,434.0873,436.6417,426.51093,416.9301,,196.8333333,414.3965517,217.5632183
310,211,179,164,154,157,184,406.57065,439.64383,465.40555,451.57065,449.56186,449.9076,,174.8333333,443.77669,268.9433567
311,179,164,154,157,184,233,400.1858,420.12918,441.73907,446.54163,460.44876,452.80298,,178.5,436.97457,258.47457
312,164,154,157,184,233,335,325.84946,344.96155,382.88687,391.10556,399.17783,393.6656,,204.5,372.941145,168.441145
313,154,157,184,233,335,417,301.3734,326.98596,368.33002,376.453,384.7866,381.0142,,246.6666667,356.49053,109.8238633
314,157,184,233,335,417,361,288.52982,316.45584,356.0895,363.4415,373.67966,371.83298,,281.1666667,345.0048833,63.83821667
315,184,233,335,417,361,353,285.821,310.66748,348.3162,356.77493,368.8772,366.66116,,313.8333333,339.5196617,25.68632833
316,233,335,417,361,353,334,291.34216,312.46964,347.91187,353.85202,364.10684,362.5524,,338.8333333,338.7058217,0.127511667
317,335,417,361,353,334,933,320.77432,337.59048,367.623,368.91776,377.19437,376.07065,,455.5,358.02843,97.47157
318,417,361,353,334,933,962,382.67902,391.33517,411.17444,403.99356,408.73578,408.2423,,560,401.0267117,158.9732883
319,361,353,334,933,962,1053,449.69608,447.87875,458.8968,444.89615,448.00867,446.70874,,666,449.3475317,216.6524683
320,353,334,933,962,1053,1018,454.14517,446.8119,463.97397,456.59088,462.96594,458.77075,,775.5,457.2097683,318.2902317
321,334,933,962,1053,1018,915,445.4017,442.50214,470.3732,468.42255,473.08823,466.58542,,869.1666667,461.0622067,408.10446
322,933,962,1053,1018,915,947,435.9955,444.0578,477.86148,475.3456,479.0816,473.7333,,971.3333333,464.34588,506.9874533
323,962,1053,1018,915,947,918,691.3097,684.9208,671.6556,623.71277,606.4556,604.89984,,968.8333333,647.1590517,321.6742817
324,1053,1018,915,947,918,998,803.21704,763.29785,724.95636,673.47217,671.4655,666.2323,,974.8333333,717.10687,257.7264633
325,1018,915,947,918,998,998,855.63354,784.75586,747.8321,715.2728,712.38666,693.06976,,965.6666667,751.4917867,214.17488
326,915,947,918,998,998,951,844.16974,777.05505,760.73346,738.0651,726.32355,700.2068,,954.5,757.75895,196.74105
327,947,918,998,998,951,959,815.59784,773.79346,771.1341,748.5044,734.13965,712.00995,,961.8333333,759.1965667,202.6367667
328,918,998,998,951,959,923,860.1408,833.2954,826.3586,800.6929,789.80597,769.18524,,957.8333333,813.246485,144.5868483
329,998,998,951,959,923,970,863.54443,844.268,837.7455,808.8365,803.35693,786.6595,,966.5,824.0684767,142.4315233
330,998,951,959,923,970,538,901.1869,877.5165,867.6156,837.0379,833.2709,816.03894,,889.8333333,855.4444567,34.38887667
331,951,959,923,970,538,1000,905.731,875.7084,867.78204,839.44525,836.55743,817.8673,,890.1666667,857.1819033,32.98476333
332,959,923,970,538,1000,633,882.8996,851.6968,847.6829,823.90393,820.7648,800.5611,,837.1666667,837.9181883,0.751521667
333,923,970,538,1000,633,335,881.5449,852.66705,850.09186,825.6357,819.00714,798.7664,,733.1666667,837.952175,104.7855083
334,970,538,1000,633,335,326,868.8317,844.83154,844.36646,818.524,812.786,794.2335,,633.6666667,830.5955333,196.9288667
335,538,1000,633,335,326,282,888.0627,863.18646,858.81366,830.13367,823.28076,803.9246,,519,844.566975,325.566975
336,1000,633,335,326,282,341,726.9658,713.7243,738.54126,736.316,742.4861,721.5325,,486.1666667,729.92766,243.7609933
337,633,335,326,282,341,295,841.77893,831.59705,836.97375,804.62476,785.43616,768.2244,,368.6666667,811.439175,442.7725083
338,335,326,282,341,295,278,751.73755,745.29156,756.13324,731.59454,733.17596,718.09094,,309.5,739.3372983,429.8372983
339,326,282,341,295,278,941,590.6413,589.71643,628.7755,637.71814,647.4475,626.1785,,410.5,620.0795617,209.5795617
340,282,341,295,278,941,959,505.01462,526.0812,584.8371,592.27856,587.4916,568.8242,,516,560.7545467,44.75454667
341,341,295,278,941,959,885,449.7319,493.00247,543.4334,532.5293,528.40375,523.0724,,616.5,511.6955367,104.8044633
342,295,278,941,959,885,445,488.90686,518.7773,546.3693,535.555,540.799,533.39276,,633.8333333,527.3000367,106.5332967
343,278,941,959,885,445,274,446.8061,461.2778,493.113,487.65176,494.1669,485.08203,,630.3333333,478.016265,152.3170683
344,941,959,885,445,274,296,409.5802,419.79718,457.288,455.3294,459.169,450.31833,,633.3333333,441.913685,191.4196483
345,959,885,445,274,296,215,678.58453,667.16797,654.07385,602.52734,580.2305,574.9878,,512.3333333,626.2619983,113.928665
346,885,445,274,296,215,153,786.5235,739.3723,699.35504,642.35,636.35394,628.644,,378,688.7664633,310.7664633
347,445,274,296,215,153,216,784.2433,709.1811,681.6832,657.02686,656.9692,631.80273,,266.5,686.8177317,420.3177317
348,274,296,215,153,216,179,588.7707,540.86096,571.0868,580.73395,577.5605,547.6072,,222.1666667,567.7700183,345.6033517
349,296,215,153,216,179,161,450.053,460.08145,520.99536,528.3219,517.1582,499.72327,,203.3333333,496.05553,292.7221967
350,215,153,216,179,161,198,449.72748,491.97583,536.93304,528.3098,521.80115,512.86237,,187,506.934945,319.934945
351,153,216,179,161,198,208,410.8014,452.5234,483.77823,473.64264,478.3799,473.27756,,185.8333333,462.0671883,276.233855
352,216,179,161,198,208,221,353.1374,380.16736,413.64764,416.3699,426.28192,417.35526,,197.1666667,401.1599133,203.9932467
353,179,161,198,208,221,205,325.89908,346.24246,380.6164,379.20645,381.15747,373.7581,,195.3333333,364.4799933,169.14666
354,161,198,208,221,205,218,306.10458,324.21432,355.19772,351.84436,354.95862,350.07132,,201.8333333,340.3984867,138.5651533
355,198,208,221,205,218,206,289.4662,302.9569,333.2346,334.23584,339.29987,333.14993,,209.3333333,322.0572233,112.72389
356,208,221,205,218,206,355,286.7463,298.19427,326.5916,324.86035,325.57812,319.97302,,235.5,313.6572767,78.15727667
357,221,205,218,206,355,181,292.01468,302.23083,325.03265,318.66882,317.9208,313.7556,,231,311.6038967,80.60389667
358,205,218,206,355,181,319,302.83994,307.5385,324.88632,317.86755,317.43927,311.81808,,247.3333333,313.73161,66.39827667
359,218,206,355,181,319,514,293.73947,295.148,312.9,306.92,305.3862,298.241,,298.8333333,302.0557783,3.222445
360,206,355,181,319,514,155,291.84708,293.15073,310.05054,302.57428,298.59555,291.2477,,288.3333333,297.91098,9.577646667
361,355,181,319,514,155,178,286.54907,288.58643,304.07022,296.32498,292.59015,285.2728,,283.6666667,292.232275,8.565608333
362,181,319,514,155,178,144,351.32327,347.13266,349.5403,329.3499,319.55515,313.02847,,248.5,334.9882917,86.48829167
363,319,514,155,178,144,126,304.45453,296.9179,306.2223,297.4729,297.2515,288.8876,,239.3333333,298.534455,59.20112167
364,514,155,178,144,126,129,332.5094,322.38806,330.29547,317.55045,309.12354,299.21292,,207.6666667,318.5133067,110.84664
365,155,178,144,126,129,101,437.58582,420.6305,409.1205,373.82895,356.43564,349.39368,,138.8333333,391.1658483,252.332515
366,178,144,126,129,101,80,322.93527,304.21994,308.85718,300.2551,303.27438,291.64502,,126.3333333,305.197815,178.8644817
367,144,126,129,101,80,62,260.44284,249.15836,272.4825,277.87094,272.95346,255.83945,,107,264.7912583,157.7912583
368,126,129,101,80,62,52,204.28348,218.05838,246.00826,239.68573,226.7319,219.83769,,91.66666667,225.7675733,134.1009067
369,129,101,80,62,52,46,195.97095,216.35626,229.66179,220.23769,216.43065,214.01338,,78.33333333,215.44512,137.1117867
370,101,80,62,52,46,39,194.78366,203.10927,210.25244,208.2762,208.67097,203.3449,,63.33333333,204.7395733,141.40624
371,80,62,52,46,39,31,152.69965,157.95976,170.09128,168.00336,166.0192,162.95439,,51.66666667,162.9546067,111.28794
372,62,52,46,39,31,27,130.17519,135.85379,147.91774,149.05699,148.71336,145.3569,,42.83333333,142.8456617,100.0123283
373,52,46,39,31,27,19,102.45795,109.986244,123.09467,126.20804,125.69569,123.22523,,35.66666667,118.4446373,82.77797067
374,46,39,31,27,19,20,80.845276,90.56042,102.54172,106.36486,106.36013,105.34218,,30.33333333,98.66909767,68.33576433
375,39,31,27,19,20,22,66.202126,75.70432,85.059944,89.55283,90.420654,90.14992,,26.33333333,82.848299,56.51496567
376,31,27,19,20,22,17,51.95072,60.125683,67.86235,73.153114,74.379234,74.52821,,22.66666667,66.99988517,44.3332185
377,27,19,20,22,17,14,36.893814,43.9716,50.507744,56.96846,58.43566,58.790863,,19.83333333,50.9280235,31.09469017
378,19,20,22,17,14,11,22.543344,29.127861,34.44469,41.46879,42.79187,43.46801,,17.16666667,35.64076083,18.47409417
379,20,22,17,14,11,7,7.2248034,13.850757,18.338406,26.30547,27.989416,29.330233,,15.16666667,20.50651423,5.339847567
380,22,17,14,11,7,5,2,4.015859,7.16867,15.45612,17.377098,19.353905,,12.66666667,10.89527533,1.771391333
381,17,14,11,7,5,3,2,2,2,7.3206134,9.362647,11.776331,,9.5,5.743265233,3.756734767
382,14,11,7,5,3,2,2,2,2,2,2,3.5255566,,7,2.254259433,4.745740567
383,11,7,5,3,2,2,2,2,2,2,2,2,,5,2,3
384,7,5,3,2,2,75,2,2,2,2,2,2,,15.66666667,2,13.66666667
385,5,3,2,2,75,88,2,2,2,2,2,2,,29.16666667,2,27.16666667
386,3,2,2,75,88,98,2,2,2,2,2,2,,44.66666667,2,42.66666667
387,2,2,75,88,98,117,2,2,2,2,2,2,,63.66666667,2,61.66666667
388,2,75,88,98,117,111,2,2,2,2,2,2,,81.83333333,2,79.83333333
389,75,88,98,117,111,88,2,2,2,2,2,2,,96.16666667,2,94.16666667
390,88,98,117,111,88,92,2,2,2,2,2,2,,99,2,97
391,98,117,111,88,92,122,46.064617,46.152065,33.57301,39.312542,52.593414,75.42756,,104.6666667,48.853868,55.81279867
392,117,111,88,92,122,191,99.46472,94.472595,95.12287,111.07477,134.56627,152.48569,,120.1666667,114.5311525,5.635514167
393,111,88,92,122,191,222,135.49878,136.66916,156.5042,180.85422,199.0704,215.27264,,137.6666667,170.6449,32.97823333
394,88,92,122,191,222,214,143.78116,159.89786,189.04842,214.30423,231.63733,247.04573,,154.8333333,197.6191217,42.78578833
395,92,122,191,222,214,367,136.50974,159.2267,185.78603,214.49388,231.17555,243.49106,,201.3333333,195.1138267,6.219506667
396,122,191,222,214,367,369,128.42807,154.74414,182.84564,210.69197,225.38216,237.39594,,247.5,189.9146533,57.58534667
397,191,222,214,367,369,356,148.99211,175.8038,198.05257,219.15553,231.43332,244.50462,,286.5,202.990325,83.509675
398,222,214,367,369,356,489,208.5529,226.53424,235.97264,246.64307,256.00723,269.11942,,336.1666667,240.4715833,95.69508333
399,214,367,369,356,489,494,251.25479,256.09634,257.9508,263.53082,271.9579,283.21353,,381.5,264.0006967,117.4993033
400,367,369,356,489,494,542,257.7031,255.18217,260.2451,267.74765,275.56567,283.45767,,436.1666667,266.6502267,169.51644
401,369,356,489,494,542,506,342.4048,335.2724,331.6066,324.11868,321.74197,329.43765,,459.3333333,330.7636833,128.56965
402,356,489,494,542,506,479,378.49057,368.07373,358.9961,349.19672,350.97464,357.37598,,477.6666667,360.5179567,117.14871
403,489,494,542,506,479,547,382.80902,367.95047,364.425,363.7261,368.94412,370.48242,,509.5,369.722855,139.777145
404,494,542,506,479,547,590,443.944,428.98807,422.93353,411.9068,407.96414,410.25122,,526.3333333,420.99796,105.3353733
405,542,506,479,547,590,442,468.99423,456.27557,446.89532,431.45297,431.3641,434.85016,,517.6666667,444.9720583,72.69460833
406,506,479,547,590,442,644,510.01666,490.10394,477.13416,465.62555,467.40353,466.04163,,534.6666667,479.3875783,55.27908833
407,479,547,590,442,644,596,496.24966,476.55597,469.43597,461.28812,461.57083,457.6051,,549.6666667,470.4509417,79.215725
408,547,590,442,644,596,592,477.54956,465.34253,463.68118,455.85596,454.51498,450.58878,,568.5,461.2554983,107.2445017
409,590,442,644,596,592,658,514.8084,506.1346,499.25174,485.50494,481.87683,478.94186,,587,494.4197283,92.58027167
410,442,644,596,592,658,659,549.65594,537.9306,523.60376,503.46307,501.47562,499.31006,,598.5,519.2398417,79.26015833
411,644,596,592,658,659,543,498.22968,484.32727,480.7272,476.01526,481.8404,475.15286,,615.3333333,482.715445,132.6178883
412,596,592,658,659,543,682,560.383,544.37634,537.1883,518.7449,510.02722,504.07196,,621.6666667,529.1319533,92.53471333
413,592,658,659,543,682,767,567.083,552.4856,540.123,517.5002,514.1367,510.94888,,650.1666667,533.7128967,116.45377
414,658,659,543,682,767,450,576.0156,555.15015,542.64276,526.79767,527.5133,519.79584,,626.5,541.31922,85.18078
415,659,543,682,767,450,449,603.6494,579.9659,570.51746,552.60156,547.0508,538.3579,,591.6666667,565.35717,26.30949667
416,543,682,767,450,449,508,610.15643,590.76843,581.7857,558.9757,554.2748,548.6874,,566.5,574.1080767,7.608076667
417,682,767,450,449,508,464,581.44714,564.80237,562.8253,553.7351,557.16833,548.6188,,553.3333333,561.43284,8.099506667
418,767,450,449,508,464,736,620.38965,605.7647,603.2051,584.14636,578.04144,571.4319,,562.3333333,593.8298583,31.496525
419,450,449,508,464,736,684,677.1782,659.9112,645.94684,615.48737,610.288,605.80304,,548.5,635.7691083,87.26910833
420,449,508,464,736,684,675,569.8807,553.1022,557.13904,554.915,565.44415,555.3159,,586,559.2994983,26.70050167
421,508,464,736,684,675,467,514.569,509.358,531.7473,535.4975,535.2261,524.1206,,589,525.0864167,63.91358333
422,464,736,684,675,467,493,523.34625,535.49615,552.7399,536.54236,529.6121,527.02277,,586.5,534.1265883,52.37341167
423,736,684,675,467,493,443,535.7137,545.3497,550.2554,533.9005,537.8621,535.139,,583,539.7034,43.2966
424,684,675,467,493,443,554,648.1955,634.77783,621.1535,593.8062,588.7639,581.6302,,552.6666667,611.387855,58.72118833
425,675,467,493,443,554,517,648.79645,622.57025,609.546,582.7965,580.54034,573.20013,,524.8333333,602.9082783,78.074945
426,467,493,443,554,517,447,649.46497,618.13696,612.3928,595.8558,594.7723,583.1951,,486.8333333,608.969655,122.1363217
427,493,443,554,517,447,894,565.2803,548.47687,568.0225,567.08813,569.1913,556.89636,,558,562.4925767,4.492576667
428,443,554,517,447,894,789,544.8315,549.0051,575.82166,568.6141,565.6706,558.2579,,607.3333333,560.36681,46.96652333
429,554,517,447,894,789,836,541.7305,555.7547,578.2189,568.8116,571.4565,565.9198,,672.8333333,563.6486667,109.1846667
430,517,447,894,789,836,893,580.8843,589.1813,599.96094,582.3801,583.45996,579.4889,,729.3333333,585.8925833,143.44075
431,447,894,789,836,893,874,584.0082,581.74176,590.7457,576.37427,581.34125,575.02795,,788.8333333,581.539855,207.2934783
432,894,789,836,893,874,308,543.3775,538.67365,558.7162,552.27155,557.1209,548.7565,,765.6666667,549.8193833,215.8472833
433,789,836,893,874,308,407,712.32916,698.17883,691.7751,655.3949,640.92706,634.61884,,684.5,672.2039817,12.29601833
434,836,893,874,308,407,898,738.2208,711.8249,696.0881,661.4171,661.36285,655.19226,,702.6666667,687.3510017,15.315665
435,893,874,308,407,898,913,766.43585,724.9189,713.02057,693.14343,693.5581,678.36926,,715.5,711.5743517,3.925648333
436,874,308,407,898,913,959,785.51794,748.49756,747.6435,725.564,717.20166,701.428,,726.5,737.64211,11.14211
437,308,407,898,913,959,866,793.262,767.80536,766.96277,740.38275,733.6928,721.78174,,725.1666667,753.9812367,28.81457
438,407,898,913,959,866,486,599.8026,593.9673,630.5959,645.6937,661.3803,643.7447,,754.8333333,629.1974167,125.6359167
439,898,913,959,866,486,473,533.74445,556.83026,612.4243,621.6223,620.2334,608.1615,,765.8333333,592.1693683,173.663965
440,913,959,866,486,473,378,737.4489,764.1971,770.29645,722.90845,705.83624,706.4259,,679.1666667,734.51884,55.35217333
441,959,866,486,473,378,356,833.4362,820.8894,789.5991,739.7199,745.8643,743.4437,,586.3333333,778.8254333,192.4921
442,866,486,473,378,356,296,858.0601,801.7889,776.4496,753.47656,758.7714,737.87244,,475.8333333,781.0698333,305.2365
443,486,473,378,356,296,290,790.5592,739.70984,743.687,729.04944,720.5902,698.76746,,379.8333333,737.0605233,357.22719
444,473,378,356,296,290,289,651.5711,638.6745,675.1039,678.1548,678.4246,660.968,,347,663.81615,316.81615
445,378,356,296,290,289,331,618.0178,635.54486,681.51465,683.5299,682.9061,670.1329,,323.3333333,661.941035,338.6077017
446,356,296,290,289,331,477,563.6109,601.20166,649.63947,644.05334,649.302,644.07764,,339.8333333,625.3141683,285.480835
447,296,290,289,331,477,873,536.89716,572.33124,614.1731,609.7242,620.76904,616.07043,,426,594.994195,168.994195
448,290,289,331,477,873,1034,486.19092,512.9631,557.7406,559.7245,571.6569,564.4267,,549,542.11712,6.88288
449,289,331,477,873,1034,998,443.15155,468.61533,514.49097,514.9533,522.8004,517.529,,667,496.923425,170.076575
450,331,477,873,1034,998,577,434.2197,458.18707,501.4037,500.9808,509.6617,505.07123,,715,484.9207,230.0793
451,477,873,1034,998,577,946,443.39676,463.63928,502.67416,498.7691,506.45953,503.23538,,817.5,486.3623683,331.1376317
452,873,1034,998,577,946,343,512.5576,522.5446,547.3439,532.37866,535.2864,532.4609,,795.1666667,530.4286767,264.73799
453,1034,998,577,946,343,524,705.297,689.7326,678.127,633.82587,623.8046,620.87427,,737,658.6102233,78.38977667
454,998,577,946,343,524,894,833.8928,785.3192,751.1153,701.6497,695.538,686.98553,,713.6666667,742.416755,28.75008833
455,577,946,343,524,894,869,850.2709,783.5423,758.71686,730.4527,727.94946,708.3017,,692.1666667,759.87232,67.70565333
456,946,343,524,894,869,865,691.1939,648.71136,673.19885,679.31305,681.4475,658.0908,,740.1666667,671.9925767,68.17409
457,343,524,894,869,865,310,792.97876,779.9551,798.50726,772.7532,751.8874,738.3129,,634.1666667,772.3991033,138.2324367
458,524,894,869,865,310,725,629.3938,642.8089,680.69916,676.0923,688.99384,678.83887,,697.8333333,666.1378117,31.69552167
459,894,869,865,310,725,329,620.9972,637.57416,673.86884,671.44434,674.1058,660.8227,,665.3333333,656.46884,8.864493333
460,869,865,310,725,329,253,762.1603,768.5841,772.54736,729.3838,712.92865,703.75726,,558.5,741.560245,183.060245
461,865,310,725,329,253,800,799.3454,778.7728,757.2215,709.2994,706.0364,696.3362,,547,741.1686167,194.1686167
462,310,725,329,253,800,860,814.95483,762.5993,745.4733,724.4013,722.91656,696.19775,,546.1666667,744.42384,198.2571733
463,725,329,253,800,860,293,559.63153,534.58673,578.68915,590.56506,590.66644,565.22034,,543.3333333,569.8932083,26.559875
464,329,253,800,860,293,273,657.17426,662.8879,695.461,674.1635,651.17096,637.0369,,468,662.98242,194.98242
465,253,800,860,293,273,274,570.5974,593.7448,628.7865,614.69415,619.88104,612.87445,,458.8333333,606.7630567,147.9297233
466,800,860,293,273,274,819,478.09534,500.79703,546.7087,553.3007,566.4476,556.3066,,553.1666667,533.6093283,19.55733833
467,860,293,273,274,819,767,657.45593,665.4307,678.7114,644.3778,628.1256,619.80676,,547.6666667,648.9846983,101.3180317
468,293,273,274,819,767,744,740.29626,722.33844,702.67,647.0809,639.0308,636.1699,,528.3333333,681.2643833,152.93105
469,273,274,819,767,744,744,562.28827,524.18713,537.6794,546.1861,565.7281,542.0735,,603.5,546.3570833,57.14291667
470,274,819,767,744,744,731,416.472,406.9682,465.72205,484.0083,476.2465,452.24106,,679.8333333,450.2763517,229.5569817
471,819,767,744,744,731,706,388.3426,425.16934,480.2549,469.31683,454.01218,448.15784,,751.8333333,444.2089483,307.624385
472,767,744,744,731,706,682,659.3046,676.8975,660.41797,604.50836,587.17523,586.25946,,729,629.0938533,99.90614667
473,744,744,731,706,682,670,723.5075,688.81415,654.2047,609.77466,611.3917,600.7306,,712.8333333,648.0705517,64.76278167
474,744,731,706,682,670,639,687.9072,625.8301,610.96765,588.3817,584.6683,562.9223,,695.3333333,610.112875,85.22045833
475,731,706,682,670,639,433,671.93976,621.60205,625.54034,604.42334,588.59033,565.7194,,643.5,612.9692033,30.53079667
476,706,682,670,639,433,566,673.9018,644.50964,648.5523,616.9484,599.4036,582.76965,,616,627.6808983,11.68089833
477,682,670,639,433,566,180,695.1391,669.2375,666.1571,637.9711,627.93695,609.1536,,528.3333333,650.9325583,122.599225
478,670,639,433,566,180,609,675.9623,650.22284,648.95483,620.885,609.55316,591.0528,,516.1666667,632.7718217,116.605155
479,639,433,566,180,609,591,663.0594,638.2988,637.16345,608.12866,596.428,578.4437,,503,620.2536683,117.2536683
480,433,566,180,609,591,524,643.9543,619.7696,619.0027,590.96027,579.71704,561.87427,,483.8333333,602.5463633,118.71303
481,566,180,609,591,524,551,545.5502,528.66516,542.22876,527.6162,521.7829,503.07587,,503.5,528.1531817,24.65318167
482,180,609,591,524,551,544,556.00275,543.9049,551.97455,525.9531,508.95996,493.15903,,499.8333333,529.9923817,30.15904833
483,609,591,524,551,544,542,396.94202,399.4153,425.35422,418.81543,418.03757,404.64914,,560.1666667,410.5356133,149.6310533
484,591,524,551,544,542,531,512.9753,509.27362,508.8076,475.518,455.16464,444.32822,,547.1666667,484.3445633,62.82210333
485,524,551,544,542,531,477,556.051,536.23944,518.1549,474.63614,461.777,452.5037,,528.1666667,499.8936967,28.27297
486,551,544,542,531,477,510,532.48444,492.64307,476.29376,447.73975,442.51047,425.3194,,525.8333333,469.4984817,56.33485167
487,544,542,531,477,510,492,525.61615,481.11325,475.6928,453.9672,439.26944,417.40152,,516,465.51006,50.48994
488,542,531,477,510,492,479,498.3205,468.4203,466.0819,431.46063,410.6013,397.19992,,505.1666667,445.347425,59.81924167
489,531,477,510,492,479,459,527.57117,498.26746,486.7393,454.29468,441.56064,426.48267,,491.3333333,472.4859867,18.84734667
490,477,510,492,479,459,439,515.85223,483.5804,473.54202,443.23712,429.96484,414.58096,,476,460.1262617,15.87373833
491,510,492,479,459,439,422,481.36075,452.2719,445.90732,418.16284,405.81033,391.14975,,466.8333333,432.443815,34.38951833
492,492,479,459,439,422,411,483.92273,455.78824,446.11765,414.69852,399.90125,386.4893,,450.3333333,431.1529483,19.180385
493,479,459,439,422,411,382,473.75775,445.33862,433.39093,400.8787,387.45898,375.43042,,432,419.3759,12.6241
494,459,439,422,411,382,347,460.75885,429.6933,416.22244,385.21466,372.88577,359.92566,,410,404.11678,5.88322
495,439,422,411,382,347,317,439.3104,407.29343,394.09354,364.09967,350.48935,337.32928,,386.3333333,382.1026117,4.230721667
496,422,411,382,347,317,308,417.1252,386.71414,372.80887,341.35522,327.161,314.91312,,364.5,360.012925,4.487075
497,411,382,347,317,308,301,399.84793,369.2311,353.4807,322.32083,308.43143,295.87372,,344.3333333,341.5309517,2.802381667
498,382,347,317,308,301,275,381.36484,350.2095,332.77164,300.8461,285.9871,274.01828,,321.6666667,320.8662433,0.800423333
499,347,317,308,301,275,246,354.8002,323.35358,304.61844,273.2522,259.13135,247.56987,,299,293.7876067,5.212393333
500,317,308,301,275,246,217,321.156,290.50677,272.2438,242.50468,228.70184,217.838,,277.3333333,262.158515,15.17481833
501,308,301,275,246,217,205,288.19208,260.5316,243.79874,215.61581,202.31769,193.53053,,258.6666667,233.9977417,24.668925
502,301,275,246,217,205,127,269.7947,243.87311,224.6346,195.31273,182.4979,175.76088,,228.5,215.31232,13.18768
503,275,246,217,205,127,114,260.23834,232.81818,210.41211,180.57639,169.11258,162.99586,,197.3333333,202.6922433,5.35891
504,246,217,205,127,114,50,239.17796,209.95853,187.71164,160.60869,150.91156,145.11589,,159.8333333,182.2473783,22.414045
505,217,205,127,114,50,64,209.89749,181.91704,162.06001,137.67833,128.88348,123.5599,,129.5,157.3327083,27.83270833
506,205,127,114,50,64,78,178.05704,154.30948,137.1341,114.74457,106.49992,103.43547,,106.3333333,132.36343,26.03009667
507,127,114,50,64,78,77,161.66232,141.34929,123.37045,101.24344,94.28762,93.98376,,85,119.3161467,34.31614667
508,114,50,64,78,77,87,94.72112,80.317764,69.11251,57.980392,57.59005,57.646637,,78.33333333,69.56141217,8.771921167
509,50,64,78,77,87,82,55.64546,47.418324,40.027233,32.03571,29.81102,31.92367,,73,39.47690283,33.52309717
510,64,78,77,87,82,94,2,2,2,6.5927114,14.622608,29.710676,,80.33333333,9.4876659,70.84566743
511,78,77,87,82,94,110,2,25.382954,37.06762,54.558064,75.20044,106.68948,,88,50.14975967,37.85024033
512,77,87,82,94,110,108,61.95029,97.38162,117.36147,144.6112,179.04715,210.09328,,93,135.0741683,42.07416833
513,87,82,94,110,108,115,104.18678,137.33453,172.59743,210.52042,244.54387,270.3626,,99.33333333,189.9242717,90.59093833
514,82,94,110,108,115,130,131.92995,161.83214,200.17448,239.13232,268.3107,285.64023,,106.5,214.5033033,108.0033033
515,94,110,108,115,130,111,127.161865,153.85957,182.16112,209.0145,226.55473,242.33873,,111.3333333,190.1817525,78.84841917
516,110,108,115,130,111,110,135.29683,162.56291,190.3678,215.91452,232.9744,248.6886,,114,197.6341767,83.63417667
517,108,115,130,111,110,112,151.34152,177.27939,202.58914,225.54521,241.8278,257.5135,,114.3333333,209.3494267,95.01609333
518,115,130,111,110,112,103,158.35593,181.90506,206.28592,228.30292,244.79622,259.73627,,113.5,213.2303867,99.73038667
519,130,111,110,112,103,88,164.93378,186.46329,210.84052,232.60405,248.13802,261.78253,,109,217.460365,108.460365
520,111,110,112,103,88,91,175.08832,196.1987,219.6761,238.53261,251.91733,265.36737,,102.5,224.463405,121.963405
521,110,112,103,88,91,109,171.40372,192.81828,217.12535,237.00372,251.54773,264.2567,,102.1666667,222.35925,120.1925833
522,112,103,88,91,109,102,167.82613,189.68047,215.50967,236.55911,250.93468,262.69696,,100.8333333,220.5345033,119.70117
523,103,88,91,109,102,89,166.5952,190.30585,216.79971,236.82668,250.56079,262.63824,,97,220.6210783,123.6210783
524,88,91,109,102,89,87,164.68318,189.22812,215.9809,236.08717,251.01224,263.07562,,94.33333333,220.011205,125.6778717
525,91,109,102,89,87,85,155.85797,180.447,208.98293,231.44484,247.72218,259.10855,,93.83333333,213.927245,120.0939117
526,109,102,89,87,85,90,149.62651,175.41003,205.61613,227.9875,243.79015,255.56416,,93.66666667,209.6657467,115.99908
527,102,89,87,85,90,99,159.15543,185.18619,213.58519,233.44026,248.92274,261.6128,,92,216.9837683,124.9837683
528,89,87,85,90,99,108,162.41733,186.74864,214.48682,234.60881,251.91864,264.8017,,93,219.1636567,126.1636567
529,87,85,90,99,108,112,155.693,178.82826,209.29535,231.75272,250.16963,261.9937,,96.83333333,214.62211,117.7887767
530,85,90,99,108,112,114,148.10188,172.69807,205.92834,229.02405,246.6679,258.207,,101.3333333,210.10454,108.7712067
531,90,99,108,112,114,120,144.50638,171.39992,204.8543,227.47849,245.12405,257.08044,,107.1666667,208.4072633,101.2405967
532,99,108,112,114,120,131,147.77612,174.72047,206.82745,228.93654,247.44716,259.46893,,114,210.8627783,96.86277833
533,108,112,114,120,131,147,152.57582,178.15668,209.7291,231.21675,250.27084,262.47147,,122,214.07011,92.07011
534,112,114,120,131,147,161,159.83025,184.07428,215.70103,236.42415,255.71738,267.83105,,130.8333333,219.92969,89.09635667
535,114,120,131,147,161,164,166.66429,189.6405,221.48329,241.77249,261.06073,272.97656,,139.5,225.5996433,86.09964333
536,120,131,147,161,164,178,169.41801,192.11713,224.58904,244.8479,264.13065,275.83942,,150.1666667,228.4903583,78.32369167
537,131,147,161,164,178,176,173.41675,196.45152,229.444,249.26173,268.25772,279.65082,,159.5,232.74709,73.24709
538,147,161,164,178,176,170,180.6654,203.7084,236.46642,255.17282,273.89944,285.45782,,166,239.2283833,73.22838333
539,161,164,178,176,170,163,191.19243,213.48398,245.0874,262.39172,281.10138,292.77798,,168.6666667,247.6724817,79.005815
540,164,178,176,170,163,156,204.1838,224.70679,255.20938,271.0859,289.54428,300.95294,,167.8333333,257.6138483,89.780515
541,178,176,170,163,156,164,212.89948,231.91217,262.4775,277.92905,296.43,307.44708,,167.8333333,264.8492133,97.01588
542,176,170,163,156,164,155,224.43506,242.78093,273.01865,287.42685,305.35263,315.7849,,164,274.7998367,110.7998367
543,170,163,156,164,155,163,227.52736,246.01569,277.28928,291.84586,310.043,320.13123,,161.8333333,278.8087367,116.9754033
544,163,156,164,155,163,173,227.63234,246.92503,279.7771,294.9533,313.32428,322.63577,,162.3333333,280.8746367,118.5413033
545,156,164,155,163,173,180,225.67613,246.38248,280.77985,296.49524,315.2597,324.29752,,165.1666667,281.48182,116.3151533
546,164,155,163,173,180,187,222.47186,245.06352,280.61343,296.84274,316.41467,325.2842,,170.3333333,281.11507,110.7817367
547,155,163,173,180,187,188,223.41115,246.89246,283.05032,299.30853,319.61768,328.35495,,174.3333333,283.4391817,109.1058483
548,163,173,180,187,188,167,221.9495,245.6617,283.06442,299.5828,320.68994,329.3902,,176.3333333,283.38976,107.0564267
549,173,180,187,188,167,163,222.41226,246.30217,284.4969,301.05643,322.64966,331.67786,,176.3333333,284.76588,108.4325467
550,180,187,188,167,163,153,227.73457,251.409,289.0858,304.61737,325.73926,334.77005,,173,288.892675,115.892675
551,187,188,167,163,153,138,234.53163,257.335,294.27502,308.67383,329.60825,338.65503,,166,293.84646,127.84646
552,188,167,163,153,138,138,241.06192,262.7086,299.1388,313.06293,333.75162,342.74112,,157.8333333,298.744165,140.9108317
553,167,163,153,138,138,148,244.4739,266.0657,303.24063,316.98572,337.9501,346.58707,,151.1666667,302.55052,151.3838533
554,163,153,138,138,148,150,236.08598,258.5496,298.6858,314.4445,336.45224,344.65662,,148.3333333,298.14579,149.8124567
555,153,138,138,148,150,146,229.2681,253.98419,296.50317,313.36694,335.8149,343.47064,,145.5,295.4013233,149.9013233
556,138,138,148,150,146,153,219.88945,246.89352,291.12076,308.74457,332.09387,339.9531,,145.5,289.782545,144.282545
557,138,148,150,146,153,148,208.23885,236.85594,282.62906,301.78534,326.65747,334.45,,147.1666667,281.7694433,134.6027767
558,148,150,146,153,148,136,200.93614,230.24138,276.87988,296.6846,322.26004,329.80048,,146.8333333,276.1337533,129.30042
559,150,146,153,148,136,126,202.80667,232.08452,277.6664,296.21268,321.38992,329.46744,,143.1666667,276.604605,133.4379383
560,146,153,148,136,126,121,206.82799,235.07155,279.36646,297.4085,323.52832,331.7999,,138.3333333,279.0004533,140.66712
561,153,148,136,126,121,137,207.47702,234.41377,279.29993,297.99408,324.6316,332.60147,,136.8333333,279.4029783,142.569645
562,148,136,126,121,137,136,207.7508,235.0266,281.7041,300.64807,327.4222,335.73685,,134,281.3814367,147.3814367
563,136,126,121,137,136,149,205.10959,233.61964,281.89938,301.29907,328.7727,337.4455,,134.1666667,281.3576467,147.19098
564,126,121,137,136,149,167,196.55717,226.24179,276.67746,297.65268,326.3199,334.9643,,139.3333333,276.4022167,137.0688833
565,121,137,136,149,167,181,186.66718,217.80699,270.05655,292.2623,321.29318,329.71124,,148.5,269.6329067,121.1329067
566,137,136,149,167,181,168,178.44214,211.22354,264.04468,286.65222,316.09964,324.66275,,156.3333333,263.5208283,107.187495
567,136,149,167,181,168,140,180.88998,213.62793,264.5971,285.98282,315.14807,323.9517,,156.8333333,264.0329333,107.1996
568,149,167,181,168,140,126,183.98178,215.29483,264.71127,285.2238,314.71652,323.47653,,155.1666667,264.567455,109.4007883
569,167,181,168,140,126,125,190.09592,219.42892,267.70303,287.36694,316.11176,324.9749,,151.1666667,267.6135783,116.4469117
570,181,168,140,126,125,132,204.07906,231.74886,277.62662,294.93796,322.19296,331.03238,,145.3333333,276.9363067,131.6029733
571,168,140,126,125,132,157,223.21986,248.57097,291.3093,305.61533,331.3283,339.77414,,141.3333333,289.96965,148.6363167
572,140,126,125,132,157,171,228.07889,252.01523,295.05902,310.12225,335.74387,343.6738,,141.8333333,294.11551,152.2821767
573,126,125,132,157,171,161,214.22977,240.11705,287.86142,306.14886,332.72076,339.98145,,145.3333333,286.8432183,141.509885
574,125,132,157,171,161,159,197.07475,227.20793,279.54187,299.889,327.11975,334.35428,,150.8333333,277.5312633,126.69793
575,132,157,171,161,159,168,187.84877,221.76192,275.3679,295.79868,323.8346,331.57947,,158,272.6985567,114.6985567
576,157,171,161,159,168,247,190.00858,223.7572,274.80246,293.93723,322.30096,330.13022,,177.1666667,272.4894417,95.322775
577,171,161,159,168,247,259,205.52292,235.648,281.45514,297.42703,324.02313,331.81403,,194.1666667,279.3150417,85.148375
578,161,159,168,247,259,236,219.04352,245.25702,287.3921,301.17328,326.15768,334.24094,,205,285.54409,80.54409
579,159,168,247,259,236,226,222.42104,246.24042,288.23013,302.13663,326.21362,333.78677,,215.8333333,286.5047683,70.671435
580,168,247,259,236,226,252,224.58786,248.56516,291.69363,305.4133,328.10526,334.89117,,231.3333333,288.8760633,57.54273
581,247,259,236,226,252,243,231.21373,256.4796,298.87753,311.02774,332.28394,339.19543,,243.8333333,294.8463283,51.012995
582,259,236,226,252,243,205,276.2234,298.57895,332.21216,336.34268,353.71182,360.5182,,236.8333333,326.264535,89.43120167
583,236,226,252,243,205,174,310.93085,326.37082,353.3282,353.21304,369.44476,375.94125,,222.6666667,348.20482,125.5381533
584,226,252,243,205,174,180,312.70053,323.8633,353.1075,356.36847,372.84436,378.00766,,213.3333333,349.48197,136.1486367
585,252,243,205,174,180,175,301.68402,315.16553,350.04678,355.88522,370.92633,374.95395,,204.8333333,344.7769717,139.9436383
586,243,205,174,180,175,169,309.26398,327.33286,361.95477,364.1373,376.668,381.50705,,191,353.4773267,162.4773267
587,205,174,180,175,169,153,316.18518,334.90668,366.7423,368.13226,382.50977,387.6049,,176,359.3468483,183.3468483
588,174,180,175,169,153,154,297.30984,315.17664,349.68115,355.56833,372.48398,376.72534,,167.5,344.49088,176.99088
589,180,175,169,153,154,136,266.2274,286.82202,327.11127,337.06973,354.46863,358.30826,,161.1666667,321.667885,160.5012183
590,175,169,153,154,136,186,253.01904,277.81204,318.78143,327.54523,343.7284,348.47906,,162.1666667,311.5608667,149.3942
591,169,153,154,136,186,189,246.97337,272.5237,310.05853,317.90988,334.88626,340.7668,,164.5,303.85309,139.35309
592,153,154,136,186,189,172,242.68916,265.41833,299.83304,307.89227,325.3431,330.90125,,165,295.3461917,130.3461917
593,154,136,186,189,172,166,230.01573,250.91916,285.79022,295.3711,312.92563,318.33664,,167.1666667,282.2264133,115.0597467
594,136,186,189,172,166,141,223.46893,244.80936,279.91302,289.49323,306.19284,311.93536,,165,275.96879,110.96879
595,186,189,172,166,141,163,213.52477,235.83235,271.39822,281.958,299.5064,305.33612,,169.5,267.9259767,98.42597667
596,189,172,166,141,163,179,230.76756,251.48734,282.3866,288.89795,303.56497,310.34677,,168.3333333,277.9085317,109.5751983
597,172,166,141,163,179,136,244.06717,261.663,288.38055,292.38992,307.00357,314.3351,,159.5,284.639885,125.139885
598,166,141,163,179,136,109,241.62993,255.71738,282.42258,288.12576,302.66272,309.28598,,149,279.9740583,130.9740583
599,141,163,179,136,109,91,233.46706,247.93263,276.99173,284.33673,297.68735,303.56247,,136.5,273.9963283,137.4963283
600,163,179,136,109,91,92,215.15927,233.44969,264.81573,273.18857,286.3158,292.71814,,128.3333333,260.9412,132.6078667
601,179,136,109,91,92,103,220.55754,240.12732,268.65298,275.06512,287.18362,293.40387,,118.3333333,264.165075,145.8317417
602,136,109,91,92,103,119,232.31396,249.637,273.4341,276.7234,287.7254,294.5277,,108.3333333,269.06026,160.7269267
603,109,91,92,103,119,121,215.92839,231.0477,255.65726,262.32648,275.26297,281.4812,,105.8333333,253.6173333,147.784
604,91,92,103,119,121,122,190.36148,206.47038,235.47574,246.44205,259.2362,264.07568,,108,233.6769217,125.6769217
605,92,103,119,121,122,111,163.67587,185.32289,217.81177,230.22838,242.55595,248.72084,,111.3333333,214.7192833,103.38595
606,103,119,121,122,111,93,153.1805,178.48419,209.33212,221.40968,234.96284,242.47748,,111.5,206.641135,95.141135
607,119,121,122,111,93,81,154.99136,178.38303,205.73685,216.88127,231.18608,239.21878,,107.8333333,204.3995617,96.56622833
608,121,122,111,93,81,96,161.68875,180.99359,205.05176,214.40286,227.7811,236.81917,,104,204.456205,100.456205
609,122,111,93,81,96,82,165.86172,181.58414,203.47887,212.25893,225.22823,234.35378,,97.5,203.7942783,106.2942783
610,111,93,81,96,82,66,166.94644,180.467,201.61908,210.1841,221.86345,230.76291,,88.16666667,201.97383,113.8071633
611,93,81,96,82,66,73,159.95694,174.07828,196.2284,205.83797,217.2782,226.1072,,81.83333333,196.581165,114.7478317
612,81,96,82,66,73,84,144.32425,160.69748,184.82259,196.68939,208.6892,217.51959,,80.33333333,185.4570833,105.12375
613,96,82,66,73,84,100,127.65341,146.77902,172.50739,186.33551,198.84431,207.94057,,83.5,173.3433683,89.84336833
614,82,66,73,84,100,77,127.611206,147.79575,171.21626,183.27293,194.88489,204.95718,,80.33333333,171.623036,91.28970267
615,66,73,84,100,77,89,122.557785,141.62956,162.97343,175.43095,188.1899,198.45084,,81.5,164.8720775,83.3720775
616,73,84,100,77,89,83,108.59828,126.21375,148.31757,163.46877,176.7745,186.3651,,84.33333333,151.622995,67.28966167
617,84,100,77,89,83,81,103.170906,121.20135,143.04602,157.64697,169.33257,179.15268,,85.66666667,145.5917493,59.92508267
618,100,77,89,83,81,52,109.0923,127.286026,146.03262,157.80772,168.50688,179.41602,,80.33333333,148.0235943,67.690261
619,77,89,83,81,52,37,124.0101,139.11961,153.8766,163.7417,174.26471,185.63252,,69.83333333,156.7742067,86.94087333
620,89,83,81,52,37,40,113.93162,126.82551,143.3299,156.0804,168.11037,179.2138,,63.66666667,147.9152667,84.2486
621,83,81,52,37,40,22,111.20851,124.54674,142.69249,155.50351,166.01622,177.51947,,52.5,146.2478233,93.74782333
622,81,52,37,40,22,18,107.854645,123.52707,141.79874,154.42757,165.10481,177.3862,,41.66666667,145.0165058,103.3498392
623,52,37,40,22,18,9,107.33804,123.25222,140.70486,153.78854,165.21834,177.51184,,29.66666667,144.63564,114.9689733
624,37,40,22,18,9,33,84.06761,100.994156,121.48773,139.89265,153.54208,165.12633,,26.5,127.518426,101.018426
625,40,22,18,9,33,33,54.47977,75.436714,100.35078,122.17799,136.14206,148.01837,,25.83333333,106.1009473,80.267614
626,22,18,9,33,33,34,42.985348,68.08681,92.937744,114.97586,128.82497,142.33908,,24.83333333,98.358302,73.52496867
627,18,9,33,33,34,36,21.700222,48.85957,73.909485,99.06816,116.1989,131.46144,,27.16666667,81.86629617,54.6996295
628,9,33,33,34,36,50,3.6281667,30.569532,56.917507,86.10101,105.41158,121.15474,,32.5,67.29708928,34.79708928
629,33,33,34,36,50,58,2,9.507028,38.388256,70.30296,90.390465,107.15996,,40.66666667,52.9581115,12.29144483
630,33,34,36,50,58,74,6.9497995,35.97017,62.136044,90.49262,109.340164,128.77274,,47.5,72.27692292,24.77692292
631,34,36,50,58,74,93,37.059273,64.417114,86.961136,116.67637,140.2719,162.14532,,57.5,101.2551855,43.7551855
632,36,50,58,74,93,89,56.86435,82.47015,110.30713,144.53087,172.52335,191.85963,,66.66666667,126.4259133,59.75924667
633,50,58,74,93,89,76,66.343735,95.26241,133.07184,171.82396,198.5334,217.50827,,73.33333333,147.0906025,73.75726917
634,58,74,93,89,76,60,78.938416,114.00389,155.02425,191.3438,215.993,237.15962,,75,165.410496,90.410496
635,74,93,89,76,60,45,96.10488,131.93465,167.63101,201.02368,225.09413,246.52498,,72.83333333,178.0522217,105.2188883
636,93,89,76,60,45,43,114.42044,146.70287,179.9496,210.40657,233.07211,254.29796,,67.66666667,189.8082583,122.1415917
637,89,76,60,45,43,46,137.68536,167.12094,198.04971,225.12253,246.3596,267.26108,,59.83333333,206.9332033,147.09987
638,76,60,45,43,46,57,146.62724,174.63443,206.48912,233.5377,255.25252,275.44455,,54.5,215.3309267,160.8309267
639,60,45,43,46,57,68,140.08186,169.31602,205.51773,235.75706,258.45236,277.4524,,53.16666667,214.4295717,161.262905
640,45,43,46,57,68,77,124.362785,158.01059,199.1513,231.81688,254.98882,273.4183,,56,206.9581125,150.9581125
641,43,46,57,68,77,76,108.34568,146.75298,190.65143,224.96794,249.14713,267.60632,,61.16666667,197.9119133,136.7452467
642,46,57,68,77,76,79,100.389824,140.81876,184.12994,218.69658,243.7745,262.13776,,67.16666667,191.657894,124.4912273
643,57,68,77,76,79,77,99.51466,138.892,180.07805,213.22762,238.42305,256.68344,,72.33333333,187.8031367,115.4698033
644,68,77,76,79,77,62,105.85662,142.22906,180.72375,211.79237,236.55142,255.03539,,73.16666667,188.6981017,115.531435
645,77,76,79,77,62,47,117.422966,150.36952,186.36203,214.98622,239.02411,257.164,,69.66666667,194.2214743,124.5548077
646,76,79,77,62,47,46,129.42366,159.48865,194.34827,221.07439,244.05974,261.87866,,64.5,201.7122283,137.2122283
647,79,77,62,47,46,47,136.07274,164.98378,200.38397,226.76904,249.42741,266.7406,,59.66666667,207.3962567,147.72959
648,77,62,47,46,47,43,141.95166,171.08008,207.34737,233.133,255.38419,271.92184,,53.66666667,213.46969,159.8030233
649,62,47,46,47,43,58,145.59189,175.68176,213.23613,238.9465,261.1192,277.27145,,50.5,218.641155,168.141155
650,47,46,47,43,58,72,139.6461,171.44188,211.4923,238.95534,262.62048,278.5013,,52.16666667,217.1095667,164.9429
651,46,47,43,58,72,76,127.123116,161.15916,204.6236,234.45049,259.63074,274.99765,,57,210.3307927,153.3307927
652,47,43,58,72,76,89,117.61273,154.3159,200.28993,231.0289,256.98517,272.67166,,64.16666667,205.4840483,141.3173817
653,43,58,72,76,89,73,112.67564,150.79597,197.20366,228.09828,255.32564,271.60007,,68.5,202.6165433,134.1165433
654,58,72,76,89,73,57,105.3636,143.21655,190.13148,222.17534,251.07726,267.61032,,70.83333333,196.5957583,125.762425
655,72,76,89,73,57,51,107.02182,143.79202,190.3906,221.88022,250.95355,267.84418,,69.66666667,196.9803983,127.3137317
656,76,89,73,57,51,59,116.73935,152.06496,197.17857,226.7688,256.0451,273.26898,,67.5,203.6776267,136.1776267
657,89,73,57,51,59,71,123.10915,156.51945,201.33266,230.92299,260.96155,278.1961,,66.66666667,208.5069833,141.8403167
658,73,57,51,59,71,72,128.69745,160.82584,206.45836,236.05542,266.06152,283.13748,,63.83333333,213.539345,149.7060117
659,57,51,59,71,72,68,120.47802,153.4124,202.02646,233.11943,264.17715,281.29404,,63,209.0845833,146.0845833
660,51,59,71,72,68,66,105.64119,140.94376,193.32509,227.30136,259.80707,276.43994,,64.5,200.5764017,136.0764017
661,59,71,72,68,66,79,91.638374,129.75627,184.38611,220.07983,253.55539,269.73196,,69.16666667,191.5246557,122.357989
662,71,72,68,66,79,77,88.3525,127.7026,181.08328,215.87949,249.57948,265.64468,,72.16666667,188.0403383,115.8736717
663,72,68,66,79,77,74,95.53797,133.23822,183.51634,216.7352,250.73566,266.5575,,72.66666667,191.0534817,118.386815
664,68,66,79,77,74,82,99.31723,134.44408,183.5468,216.42299,250.80981,266.56198,,74.33333333,191.8504817,117.5171483
665,66,79,77,74,82,73,98.95308,132.95476,183.21777,216.68513,251.39299,266.70477,,75.16666667,191.6514167,116.48475
666,79,77,74,82,73,87,97.22699,132.02866,184.29063,218.10986,252.78537,267.76572,,78.66666667,192.0345383,113.3678717
667,77,74,82,73,87,117,102.44744,138.35532,190.7493,223.49709,257.73193,272.817,,85,197.59968,112.59968
668,74,82,73,87,117,122,106.024506,141.9467,194.03474,226.35529,261.13373,276.1251,,92.5,200.9366777,108.4366777
669,82,73,87,117,122,110,106.14568,141.49438,194.18694,226.94121,262.16382,276.818,,98.5,201.2916717,102.7916717
670,73,87,117,122,110,116,109.79164,145.30975,198.56665,230.87729,265.92233,280.2881,,104.1666667,205.12596,100.9592933
671,87,117,122,110,116,97,108.17067,144.35649,198.86462,231.60164,267.51468,281.8974,,108.1666667,205.4009167,97.23425
672,117,122,110,116,97,83,114.76447,150.94807,205.35988,237.39856,273.26685,287.17093,,107.5,211.4847933,103.9847933
673,122,110,116,97,83,67,132.4158,167.4414,219.57822,248.50499,283.13074,297.569,,99.16666667,224.7733583,125.6066917
674,110,116,97,83,67,80,147.21512,180.1394,230.54411,257.72195,292.33322,307.09824,,92.16666667,235.8420067,143.67534
675,116,97,83,67,80,121,149.8797,181.29115,233.28157,261.75626,296.89252,310.82755,,94,238.988125,144.988125
676,97,83,67,80,121,103,150.27148,182.78926,237.3492,266.04227,300.2522,313.98523,,91.83333333,241.7816067,149.9482733
677,83,67,80,121,103,123,144.58887,180.04523,236.93373,266.4226,301.6261,314.9991,,96.16666667,240.7692717,144.602605
678,67,80,121,103,123,142,132.2611,169.83679,229.40341,261.31122,298.08972,311.12573,,106,233.6713283,127.6713283
679,80,121,103,123,142,160,113.34058,153.55995,216.49783,251.09576,289.6783,302.53607,,121.5,221.1180817,99.61808167
680,121,103,123,142,160,163,106.65372,148.57164,211.79312,246.0005,285.07553,298.28894,,135.3333333,216.0639083,80.730575
681,103,123,142,160,163,134,124.322296,164.35358,222.6537,252.91513,290.91516,304.9127,,137.5,226.678761,89.178761
682,123,142,160,163,134,103,128.99646,165.4087,221.54642,251.55525,290.6273,304.6879,,137.5,227.137005,89.637005
683,142,160,163,134,103,89,139.2972,172.4799,227.722,257.03973,294.23718,307.6282,,131.8333333,233.0673683,101.234035
684,160,163,134,103,89,117,156.58565,189.22263,242.90477,268.8629,303.7691,317.23044,,127.6666667,246.4292483,118.7625817
685,163,134,103,89,117,108,179.04642,210.47914,261.12988,283.68887,317.20654,330.69223,,119,263.70718,144.70718
686,134,103,89,117,108,104,194.12596,223.17134,272.69067,294.53195,327.32608,339.85254,,109.1666667,275.28309,166.1164233
687,103,89,117,108,104,115,185.78874,215.37215,268.41986,292.22372,324.94775,336.82874,,106,270.5968267,164.5968267
688,89,117,108,104,115,122,168.26794,201.67061,259.41864,286.27417,319.62994,330.49078,,109.1666667,260.95868,151.7920133
689,117,108,104,115,122,124,149.26396,187.67532,248.8611,277.712,312.22723,322.87668,,115,249.7693817,134.7693817
690,108,104,115,122,124,111,150.90538,191.26018,250.49548,277.36578,311.87814,323.01602,,114,250.8201633,136.8201633
691,104,115,122,124,111,81,148.63953,187.34492,245.06163,271.91016,308.36682,320.18314,,109.5,246.9177,137.4177
692,115,122,124,111,81,111,141.25035,177.66031,236.02588,264.63016,302.05887,314.10608,,110.6666667,239.2886083,128.6219417
693,122,124,111,81,111,100,139.22003,175.0915,233.82846,262.11765,298.83905,310.9291,,108.1666667,236.670965,128.5042983
694,124,111,81,111,100,90,145.9028,181.4529,238.20387,264.29047,299.66748,311.9303,,102.8333333,240.2413033,137.40797
695,111,81,111,100,90,109,156.00784,189.89378,243.94533,268.82385,303.66116,315.49677,,100.3333333,246.3047883,145.971455
696,81,111,100,90,109,99,150.77933,183.91086,238.6661,264.72784,299.6429,311.3829,,98.33333333,241.5183217,143.1849883
697,111,100,90,109,99,185,129.73122,165.0157,224.16916,253.56494,289.54208,300.72583,,115.6666667,227.1248217,111.458155
698,100,90,109,99,185,164,129.37035,166.81638,225.8624,253.59256,287.8418,299.21527,,124.5,227.11646,102.61646
699,90,109,99,185,164,146,131.88522,169.59341,225.63008,251.59988,286.17023,298.0788,,132.1666667,227.1596033,94.99293667
700,109,99,185,164,146,182,127.346886,162.92874,217.60953,245.06647,280.77612,292.42804,,147.5,221.0259643,73.52596433
701,99,185,164,146,182,163,129.28436,163.2965,217.2386,244.09128,278.52005,289.79315,,156.5,220.3706567,63.87065667
702,185,164,146,182,163,144,124.09829,158.55148,213.41185,239.81438,274.32117,286.30344,,164,216.083435,52.083435
703,164,146,182,163,144,125,165.95097,197.05322,243.67319,262.61496,292.44315,304.9745,,154,244.451665,90.451665
704,146,182,163,144,125,109,185.64435,211.70605,253.2966,269.47485,299.0952,312.07346,,144.8333333,255.215085,110.3817517
705,182,163,144,125,109,129,183.45612,205.98099,248.70789,267.66513,296.62634,308.4114,,142,251.8079783,109.8079783
706,163,144,125,109,129,166,194.75308,218.09848,261.32535,278.0743,303.49573,314.19675,,139.3333333,261.6572817,122.3239483
707,144,125,109,129,166,129,195.96025,221.7377,264.52957,279.16165,303.91687,315.57755,,133.6666667,263.4805983,129.8139317
708,125,109,129,166,129,122,194.81757,220.2529,262.3462,279.22726,305.3772,315.3726,,130,262.898955,132.898955
709,109,129,166,129,122,98,176.73666,203.0706,247.65298,266.88486,292.84497,302.42575,,125.5,248.2693033,122.7693033
710,129,166,129,122,98,86,160.36943,190.04808,236.39539,256.4845,282.4917,292.0778,,121.6666667,236.31115,114.6444833
711,166,129,122,98,86,78,162.47433,192.9059,237.13806,255.85771,281.57938,291.64816,,113.1666667,236.9339233,123.7672567
712,129,122,98,86,78,74,180.71861,208.39996,246.88817,261.28403,285.42395,296.96814,,97.83333333,246.61381,148.7804767
713,122,98,86,78,74,65,174.34642,198.39626,236.45726,252.85933,278.9356,290.36154,,87.16666667,238.5594017,151.392735
714,98,86,78,74,65,47,161.7605,184.61276,225.61702,244.80989,269.65744,280.2229,,74.66666667,227.780085,153.1134183
715,86,78,74,65,47,40,142.57175,169.49867,213.63406,234.28339,258.8622,269.56497,,65,214.73584,149.73584
716,78,74,65,47,40,40,127.419655,157.8303,202.2569,223.96921,249.28503,260.39862,,57.33333333,203.5266192,146.1932858
717,74,65,47,40,40,50,115.118,146.47406,190.41292,213.70946,240.44865,251.35834,,52.66666667,192.9202383,140.2535717
718,65,47,40,40,50,46,101.35493,132.63103,176.4998,200.42484,227.55081,239.27394,,48,179.6225583,131.6225583
719,47,40,40,50,46,43,87.609,118.62337,162.43616,187.92993,215.84999,228.06125,,44.33333333,166.7516167,122.4182833
720,40,40,50,46,43,39,68.33464,99.55885,144.23938,171.8753,200.43431,212.83487,,43,149.546225,106.546225
721,40,50,46,43,39,47,53.02837,84.972694,129.6539,158.44388,186.83699,199.32614,,44.16666667,135.3769957,91.210329
722,50,46,43,39,47,44,45.608387,78.05222,120.93011,149.48521,177.5285,190.30362,,44.83333333,126.9846745,82.15134117
723,46,43,39,47,44,38,47.60216,78.59882,118.09492,145.25702,172.67114,185.80031,,42.83333333,124.6707283,81.837395
724,43,39,47,44,38,36,47.55545,76.258575,113.664665,140.49005,167.55113,180.69437,,41.16666667,121.0357067,79.86904
725,39,47,44,38,36,45,44.360283,71.72772,108.89563,136.11751,162.48413,175.84718,,41.5,116.5720755,75.0720755
726,47,44,38,36,45,51,40.44888,68.095436,105.33759,132.86401,158.77621,172.41171,,43.5,112.9889727,69.48897267
727,44,38,36,45,51,65,42.25462,70.21236,106.267715,132.91551,158.22708,172.25693,,46.5,113.6890358,67.18903583
728,38,36,45,51,65,82,42.596157,69.992355,105.16412,131.8146,157.08205,171.26979,,52.83333333,112.986512,60.15317867
729,36,45,51,65,82,85,36.9107,63.822094,99.21593,126.841415,152.06221,166.45134,,60.66666667,107.5506148,46.88394817
730,45,51,65,82,85,80,32.256065,59.429558,94.6827,122.64738,147.24979,161.77534,,68,103.0068055,35.0068055
731,51,65,82,85,80,74,36.793835,63.962906,97.090614,123.43905,146.94635,161.871,,72.83333333,105.0172925,32.18395917
732,65,82,85,80,74,66,44.93956,70.62652,100.95318,125.89727,148.70102,163.79573,,75.33333333,109.1522133,33.81888
733,82,85,80,74,66,74,56.38534,79.57382,107.32257,130.44131,151.70213,167.02417,,76.83333333,115.4082233,38.57489
734,85,80,74,66,74,74,73.34324,93.83877,118.56477,138.59998,157.595,173.41428,,75.5,125.8926733,50.39267333
735,80,74,66,74,74,70,85.352745,103.71682,126.56467,145.06096,162.85168,178.8926,,73,133.7399125,60.7399125
736,74,66,74,74,70,62,88.76656,106.09547,129.21938,148.43968,165.65642,181.21317,,70,136.5651133,66.56511333
737,66,74,74,70,62,52,85.7407,104.19251,128.86646,149.08684,165.85841,181.04828,,66.33333333,135.7988667,69.46553333
738,74,74,70,62,52,39,77.34826,98.32599,124.677086,146.52063,163.70364,179.20943,,61.83333333,131.6308393,69.797506
739,74,70,62,52,39,36,75.92845,98.39792,124.53522,146.47745,163.59856,179.65149,,55.5,131.431515,75.931515
740,70,62,52,39,36,27,77.68435,99.76885,124.3999,145.68202,162.61432,179.0945,,47.66666667,131.5406567,83.87399
741,62,52,39,36,27,18,75.712555,96.466095,120.27282,142.31847,159.37137,176.2449,,39,128.3977017,89.39770167
742,52,39,36,27,18,18,68.374794,89.02861,113.376045,137.15814,154.47316,171.10806,,31.66666667,122.2531348,90.58646817
743,39,36,27,18,18,18,56.33117,78.540535,104.86445,130.54706,148.2343,164.91293,,26,113.9050742,87.90507417
744,36,27,18,18,18,112,40.23045,65.122795,93.90264,122.648705,141.50832,158.35866,,38.16666667,103.628595,65.46192833
745,27,18,18,18,112,139,29.593353,56.705353,86.17097,116.296646,135.64725,152.87837,,55.33333333,96.21532367,40.88199033
746,18,18,18,112,139,177,16.883696,45.186996,74.91133,106.730515,126.984795,144.67122,,80.33333333,85.89475867,5.561425333
747,18,18,112,139,177,137,2,29.7247,60.51656,95.04229,116.557755,134.55026,,100.1666667,73.06526083,27.10140583
748,18,112,139,177,137,128,2,19.913532,51.22776,86.89267,108.63449,127.348785,,118.5,66.00287283,52.49712717
749,112,139,177,137,128,116,2,16.533394,47.144226,82.58878,104.56418,124.25259,,134.8333333,62.847195,71.98613833
750,139,177,137,128,116,106,101.750984,123.250244,134.52797,147.54022,158.22539,180.71475,,133.8333333,141.001593,7.168259667
751,177,137,128,116,106,108,191.13521,197.53038,194.10382,197.08638,207.62886,230.35507,,128.6666667,202.9732867,74.30662
752,137,128,116,106,108,122,249.33789,241.02504,238.02528,243.78795,253.83672,271.98352,,119.5,249.6660667,130.1660667
753,128,116,106,108,122,127,218.37173,217.15535,233.38559,253.86488,266.6634,280.30133,,117.8333333,244.9570467,127.1237133
754,116,106,108,122,127,127,187.15898,206.68689,239.80632,266.36597,278.44946,292.69485,,117.6666667,245.193745,127.5270783
755,106,108,122,127,127,148,177.08258,213.17377,249.53038,281.24255,297.42426,311.8101,,123,255.04394,132.04394
756,108,122,127,127,148,195,164.89005,204.67545,238.24149,269.2493,287.81107,303.13736,,137.8333333,244.6674533,106.83412
757,122,127,127,148,195,204,163.85574,199.59317,229.71593,260.92456,280.6024,294.8854,,153.8333333,238.2628667,84.42953333
758,127,127,148,195,204,212,167.86398,198.25302,225.3422,251.05768,267.97067,282.86722,,168.8333333,232.225795,63.39246167
759,127,148,195,204,212,245,175.71036,201.29932,225.58179,249.08188,265.51324,280.01678,,188.5,232.8672283,44.36722833
760,148,195,204,212,245,253,176.98058,198.79561,221.94604,244.5748,260.14038,273.89136,,209.5,229.3881283,19.88812833
761,195,204,212,245,253,680,188.50146,208.37512,230.24051,249.51349,262.90067,276.41135,,298.1666667,235.9904333,62.17623333
762,204,212,245,253,680,255,223.21677,240.15665,256.88788,269.42282,279.9795,293.97372,,308.1666667,260.6062233,47.56044333
763,212,245,253,680,255,330,246.20155,258.1559,271.37787,282.07666,293.1473,306.25702,,329.1666667,276.2027167,52.96395
764,245,253,680,255,330,396,257.9991,265.64075,279.08466,289.90768,299.95438,310.6269,,359.8333333,283.8689117,75.96442167
765,253,680,255,330,396,402,277.99716,284.95898,297.64322,304.88446,311.473,321.41855,,386,299.7292283,86.27077167
766,680,255,330,396,402,558,293.86533,301.39197,312.63626,317.85037,324.5542,334.01166,,436.8333333,314.0516317,122.7817017
767,255,330,396,402,558,334,524.1267,511.784,485.6795,451.0288,439.15262,449.9806,,379.1666667,476.9587033,97.79203667
768,330,396,402,558,334,254,400.05872,379.37524,371.73563,373.80548,390.86035,394.30322,,379,385.0231067,6.023106667
769,396,402,558,334,254,248,359.6304,342.1507,359.5622,375.51044,379.4678,375.1476,,365.3333333,365.2448567,0.088476667
770,402,558,334,254,248,270,380.4892,388.70435,405.34677,399.6522,390.9857,394.46445,,344.3333333,393.2737783,48.940445
771,558,334,254,248,270,309,417.87842,431.51044,430.18433,414.07712,415.22516,423.137,,328.8333333,422.0020783,93.168745
772,334,254,248,270,309,532,527.7396,515.35266,495.75937,482.76834,485.61157,484.09583,,324.5,498.5545617,174.0545617
773,254,248,270,309,532,305,425.28452,411.62314,415.17407,414.29852,421.09058,420.20316,,319.6666667,417.945665,98.27899833
774,248,270,309,532,305,287,353.8859,355.93536,382.76328,397.31912,405.806,403.87616,,325.1666667,383.2643033,58.09763667
775,270,309,532,305,287,338,324.0361,347.8348,382.83475,393.01987,398.4371,401.80057,,340.1666667,374.6605317,34.493865
776,309,532,305,287,338,367,335.4294,367.06958,392.5102,393.895,402.98245,411.5538,,356.3333333,383.9067383,27.573405
777,532,305,287,338,367,564,371.60147,390.3832,404.21005,406.05038,418.92126,425.2032,,398.8333333,402.72826,3.894926667
778,305,287,338,367,564,381,473.91507,472.8665,468.98486,450.8046,451.88083,458.57916,,373.6666667,462.8385033,89.17183667
779,287,338,367,564,381,384,419.44547,409.9858,416.62265,414.97992,427.4471,430.72916,,386.8333333,419.86835,33.03501667
780,338,367,564,381,384,392,372.77063,368.45776,393.14722,404.3947,413.22894,412.2351,,404.3333333,394.0390583,10.294275
781,367,564,381,384,392,288,375.85742,388.70477,416.1536,417.10574,418.87115,421.64,,396,406.38878,10.38878
782,564,381,384,392,288,247,408.80557,426.44016,442.53098,433.85995,438.78766,445.464,,376,432.6480533,56.64805333
783,381,384,392,288,247,272,524.0042,522.00287,516.0079,496.9103,499.15472,502.15567,,327.3333333,510.0392767,182.7059433
784,384,392,288,247,272,212,473.04657,461.31735,465.70135,458.94135,467.93912,468.4466,,299.1666667,465.8987233,166.7320567
785,392,288,247,272,212,175,446.61832,438.92352,457.14923,459.2678,464.427,461.59982,,264.3333333,454.6642817,190.3309483
786,288,247,272,212,175,174,443.3274,449.96707,473.56027,470.27933,472.3089,472.2163,,228,463.6098783,235.6098783
787,247,272,212,175,174,180,405.97766,423.2496,450.98175,451.4578,461.48752,464.03192,,210,442.864375,232.864375
788,272,212,175,174,180,182,375.85452,394.93762,428.715,438.33545,452.48575,452.00476,,199.1666667,423.7221833,224.5555167
789,212,175,174,180,182,231,358.3762,381.93628,417.5256,421.7515,431.37427,433.71747,,192.3333333,407.4468867,215.1135533
790,175,174,180,182,231,253,335.2479,360.96017,395.82062,402.15622,416.69553,420.56195,,199.1666667,388.5737317,189.407065
791,174,180,182,231,253,552,303.968,328.53958,367.82037,380.7647,398.8235,401.5293,,262,363.5742417,101.5742417
792,180,182,231,253,552,328,279.26202,306.49454,350.3507,363.789,381.16174,385.1064,,287.6666667,344.3607333,56.69406667
793,182,231,253,552,328,278,273.10748,302.6154,345.6675,357.35114,375.65585,381.48178,,304,339.3131917,35.31319167
794,231,253,552,328,278,301,274.94852,301.65363,341.8592,353.68842,373.46222,378.9656,,323.8333333,337.4295983,13.596265
795,253,552,328,278,301,349,293.6337,315.59775,351.07855,358.9874,375.9052,382.02454,,343.5,346.2045233,2.704523333
796,552,328,278,301,349,362,315.70526,333.45233,364.60806,368.98358,384.89972,391.53345,,361.6666667,359.8637333,1.802933333
797,328,278,301,349,362,363,464.6889,468.4582,474.06247,454.24176,457.00568,464.43866,,330.1666667,463.815945,133.6492783
798,278,301,349,362,363,369,443.73392,437.53058,449.04843,441.7525,456.93475,462.15555,,337,448.525955,111.525955
799,301,349,362,363,369,690,391.14655,388.0383,420.6402,431.28574,446.39334,445.8108,,405.6666667,420.5524883,14.88582167
